window,wall_time,t0,t_end,utc,rank,loss,acc_loss,nll,dir_loss,smooth,curve,mae_permille,rmse_permille,mape_pct,band_accuracy,direction_acc,r2,skill_vs_naive,reward,bias_permille,jitter_permille,max_slew_permille,sigma_mean,calibration,grad_norm,lr,sim_sec_per_sec
1,0.229,1502949628,1502951428,2017-08-17 06:00:28,0,,,,,,,,,,,,,,,,,,,,,,31607.5
2,0.833,1502951428,1502953228,2017-08-17 06:30:28,0,4.347767,3.884072,1.43888,0.693173,0.0,0.0,2.041547,2.412198,0.20389,0.309306,0.72877,-1.136925,4.2e-05,1.475627,-1.317643,0.0,0.0,2.720038,0.666111,1.506119,0.001999,12476.8
3,1.41,1502953228,1502955028,2017-08-17 07:00:28,0,7.151914,6.566785,1.924262,0.69374,2e-06,5e-06,2.926403,3.33107,0.292673,0.276667,0.556516,-1.014039,3e-06,0.610613,0.237988,0.0,0.0,2.719782,0.510694,0.814613,0.001995,13568.4
4,1.986,1502955028,1502956828,2017-08-17 07:30:28,0,11.014343,10.220467,2.758489,0.695008,3e-06,9e-06,4.505359,4.742564,0.451555,0.025833,0.568677,-10.7077,4e-05,0.242989,3.021896,0.0,0.0,2.694589,0.315833,2.021572,0.00199,13526.3
5,2.56,1502956828,1502958628,2017-08-17 08:00:28,0,16.098579,14.843663,4.604575,0.691795,4e-06,1.1e-05,4.833642,5.415534,0.481127,0.253194,0.475269,-2.327873,-2.2e-05,2.32828,-2.527508,0.0,0.0,2.709245,0.566806,2.619071,0.001982,13583.1
6,3.147,1502958628,1502960428,2017-08-17 08:30:28,0,13.328251,12.35896,3.460077,0.695094,7e-06,2e-05,4.469223,5.06984,0.448723,0.366667,0.425784,-4.861792,-3.3e-05,-0.1041,4.197331,0.0,0.0,2.740433,0.466528,2.5555,0.001972,13287.5
7,3.818,1502960428,1502962228,2017-08-17 09:00:28,0,4.115873,3.66171,1.402756,0.689765,8e-06,2.4e-05,1.580523,1.972784,0.157963,0.53875,0.477607,-0.89439,-0.000347,0.452376,-0.21372,0.0,0.0,2.775872,0.780278,0.576582,0.001959,11525.9
8,4.46,1502962228,1502964028,2017-08-17 09:30:28,0,24.956728,22.825583,8.103943,0.700949,1.5e-05,4.2e-05,8.080628,8.453294,0.802711,0.103056,0.512918,-10.099583,-4.9e-05,5.299185,-7.408568,0.0,0.0,2.791919,0.3275,6.623429,0.001944,12038.8
9,5.306,1502964028,1502965828,2017-08-17 10:00:28,0,21.091358,19.312529,6.709835,0.675615,2.5e-05,7.3e-05,6.397336,7.189689,0.643387,0.249722,0.444012,-8.507121,-3.6e-05,-2.94053,4.813246,0.0,0.0,2.752379,0.368611,6.690556,0.001928,8978.7
10,5.898,1502965828,1502967628,2017-08-17 10:30:28,0,11.555102,10.721199,2.913542,0.703296,2e-05,5.6e-05,3.922807,4.576048,0.391871,0.228472,0.620161,-0.606404,5.4e-05,0.965435,-1.692892,0.0,0.0,2.857696,0.511111,2.650167,0.001909,13196.3
11,6.49,1502967628,1502969428,2017-08-17 11:00:28,0,11.40526,10.607277,2.769427,0.70391,3.5e-05,9.7e-05,4.235333,4.863795,0.422367,0.130972,0.450768,-6.825138,-1.8e-05,0.768358,-2.921692,0.0,0.0,2.844957,0.378889,3.067531,0.001888,13187.9
12,7.074,1502969428,1502971228,2017-08-17 11:30:28,0,21.024982,19.423479,5.989657,0.693676,3.2e-05,9.2e-05,6.243732,6.753227,0.62859,0.17875,0.139671,-7.725223,-1.5e-05,-5.581056,5.009898,0.0,0.0,2.906099,0.516944,4.565679,0.001865,13382.8
13,7.677,1502971228,1502973028,2017-08-17 12:00:28,0,11.732166,10.925647,2.813657,0.68716,2.7e-05,7.7e-05,4.139406,4.83167,0.415479,0.269167,0.116733,-2.544197,-2.4e-05,-4.013906,3.972676,0.0,0.0,2.988624,0.509722,4.176444,0.00184,12911.0
14,8.286,1502973028,1502974828,2017-08-17 12:30:28,0,8.225132,7.614686,2.02272,0.698262,2.3e-05,6.7e-05,3.404932,3.704781,0.340184,0.082917,0.453389,-4.485651,1.5e-05,0.426582,-1.058541,0.0,0.0,3.062876,0.579306,1.801715,0.001813,12779.4
15,8.894,1502974828,1502976628,2017-08-17 13:00:28,0,9.001887,8.359062,2.155759,0.692323,3.2e-05,9.1e-05,3.374463,3.906584,0.337708,0.234722,0.352436,-1.095869,-2.5e-05,-0.718752,0.025179,0.0,0.0,3.116853,0.619167,2.075049,0.001784,12780.9
16,9.483,1502976628,1502978428,2017-08-17 13:30:28,0,7.236937,6.663792,1.87258,0.699749,3.2e-05,9.4e-05,2.586163,3.23838,0.259006,0.316111,0.466872,-0.905421,3.8e-05,-1.080436,0.472884,0.0,0.0,3.264716,0.774306,0.698389,0.001754,13417.2
17,10.041,1502978428,1502980228,2017-08-17 14:00:28,0,5.269279,4.771065,1.580737,0.686561,3.9e-05,0.000112,2.358251,2.669944,0.235665,0.294444,0.648698,-1.703464,-7e-06,0.782652,-0.480076,0.0,0.0,3.32782,0.725694,1.505855,0.001722,14004.5
18,10.597,1502980228,1502982028,2017-08-17 14:30:28,0,6.154472,5.625676,1.69687,0.69688,4e-05,0.000114,2.649744,3.165149,0.264721,0.203056,0.425655,-1.500745,-1.5e-05,0.220667,-0.996131,0.0,0.0,3.447478,0.712778,2.701592,0.001688,14054.0
19,11.169,1502982028,1502983828,2017-08-17 15:00:28,0,8.326414,7.740415,1.925414,0.697281,4.6e-05,0.00013,3.471514,4.130065,0.346948,0.140833,0.44151,-2.094438,1e-05,-0.300132,-1.188847,0.0,0.0,3.612412,0.599306,2.932374,0.001653,13673.5
20,11.733,1502983828,1502985628,2017-08-17 15:30:28,0,20.810034,19.679649,4.098374,0.704813,5.9e-05,0.000168,7.125238,7.59409,0.713985,0.191806,0.421057,-6.886271,7e-06,-2.628172,0.330989,0.0,0.0,3.591423,0.317917,4.830152,0.001616,13837.8
21,12.287,1502985628,1502987428,2017-08-17 16:00:28,0,25.876568,24.023363,6.993075,0.69901,7.2e-05,0.000209,6.976834,7.541747,0.704016,0.197083,0.262586,-4.327695,-3.8e-05,-5.728299,6.45936,0.0,0.0,3.710721,0.647222,11.296266,0.001578,14144.2
22,12.845,1502987428,1502989228,2017-08-17 16:30:28,0,9.238917,8.585196,2.206613,0.679746,9.1e-05,0.000258,3.318128,3.861905,0.33099,0.185694,0.832997,-1.032762,3.5e-05,2.519832,-2.054027,0.0,0.0,3.916009,0.79625,4.732136,0.001538,14006.7
23,13.399,1502989228,1502991028,2017-08-17 17:00:28,0,7.340227,6.766242,1.878427,0.695074,0.000101,0.000282,2.929009,3.371135,0.292485,0.161528,0.894061,-2.803409,5.1e-05,1.983533,-1.172933,0.0,0.0,3.971018,0.735972,3.430361,0.001498,14117.6
24,13.952,1502991028,1502992828,2017-08-17 17:30:28,0,9.225597,8.599835,2.09303,0.68234,0.000131,0.000374,3.142256,3.95693,0.31423,0.276111,0.504142,-1.412249,2.3e-05,0.53595,-1.002382,0.0,0.0,4.415812,0.749444,3.139249,0.001456,14104.5
25,14.519,1502992828,1502994628,2017-08-17 18:00:28,0,17.695816,16.791464,3.191029,0.709292,0.000171,0.00049,4.889436,5.959372,0.491764,0.310417,0.429378,-1.229466,1.9e-05,-2.782715,2.954308,0.0,0.0,4.611264,0.64875,5.192781,0.001414,14014.6
26,15.09,1502994628,1502996428,2017-08-17 18:30:28,0,11.033601,10.343956,2.316334,0.735426,0.00021,0.000605,3.892099,4.295377,0.389774,0.165833,0.400424,-2.320173,-7e-06,-1.577426,2.005784,0.0,0.0,4.805373,0.763472,6.003445,0.00137,13677.4
27,15.657,1502996428,1502998228,2017-08-17 19:00:28,0,10.977265,10.320404,2.22463,0.669291,0.000262,0.000767,3.43626,4.145177,0.344236,0.29125,0.375816,-1.031157,-1.4e-05,-1.036333,-0.029121,0.0,0.0,5.421504,0.826111,1.641861,0.001326,13756.4
28,16.222,1502998228,1503000028,2017-08-17 19:30:28,0,16.734966,15.966326,2.662384,0.684968,0.000254,0.000734,4.575131,4.926105,0.454579,0.405139,0.735451,-3.059133,6e-06,4.168313,-3.072486,0.0,0.0,5.397332,0.753889,3.005896,0.001281,13821.9
29,16.815,1503000028,1503001828,2017-08-17 20:00:28,0,10.250551,9.59938,2.158728,0.740829,0.00031,0.000902,3.908906,4.428938,0.391491,0.156389,0.517368,-2.192855,-2.5e-05,-0.450346,1.582045,0.0,0.0,5.743859,0.797361,5.68706,0.001235,13085.5
30,17.429,1503001828,1503003628,2017-08-17 20:30:28,0,11.264354,10.604487,2.208552,0.7154,0.000356,0.001019,3.936461,4.687856,0.393576,0.279583,0.631895,-0.876144,2.9e-05,0.858449,0.635765,0.0,0.0,6.087999,0.732917,2.985211,0.001189,12697.6
31,18.011,1503003628,1503005428,2017-08-17 21:00:28,0,8.756797,8.139221,2.090323,0.630414,0.000366,0.001063,3.450335,3.901637,0.344089,0.224167,0.812445,-1.424945,5e-05,2.737192,-2.601003,0.0,0.0,6.360422,0.842361,8.768977,0.001143,13466.7
32,18.61,1503005428,1503007228,2017-08-17 21:30:28,0,6.012793,5.429365,1.9418,0.650516,0.000343,0.000967,2.693302,3.108139,0.26919,0.100139,0.501032,-3.92912,-8e-06,0.147974,-1.260495,0.0,0.0,6.031489,0.910556,5.558941,0.001097,13034.9
33,19.201,1503007228,1503009028,2017-08-17 22:00:28,0,7.993088,7.38863,2.023129,0.654967,0.000372,0.001037,3.311045,3.807605,0.331096,0.125972,0.516759,-7.814229,3.3e-05,-0.173048,-1.048339,0.0,0.0,6.085199,0.835278,4.142704,0.00105,13206.2
34,19.798,1503009028,1503010828,2017-08-17 22:30:28,0,8.61745,8.000019,2.042635,0.708767,0.000393,0.001109,3.066938,3.644711,0.305889,0.353333,0.566323,-1.036943,-4.4e-05,1.708306,-1.668204,0.0,0.0,5.949573,0.78875,1.981976,0.001003,13043.0
35,20.372,1503010828,1503012628,2017-08-17 23:00:28,0,6.197483,5.586783,2.019289,0.702438,0.000439,0.001245,2.351562,2.788093,0.234952,0.323472,0.263845,-0.521591,-6.6e-05,-0.07371,-0.287676,0.0,0.0,6.290536,0.86625,2.195266,0.000957,13624.4
36,20.941,1503012628,1503014428,2017-08-17 23:30:28,0,7.180166,6.575829,1.983942,0.718444,0.000498,0.00143,2.147539,2.694116,0.21536,0.421528,0.215935,-1.463948,2.5e-05,-1.602052,1.182731,0.0,0.0,6.547695,0.912917,6.217772,0.000911,13730.3
37,21.516,1503014428,1503016228,2017-08-18 00:00:28,0,7.499819,6.888474,2.01343,0.715679,0.000544,0.001547,2.803811,3.181928,0.280762,0.241528,0.504783,-3.748302,2.5e-05,-0.388633,0.54829,0.0,0.0,6.624107,0.917222,2.931281,0.000865,13530.9
38,22.105,1503016228,1503018028,2017-08-18 00:30:28,0,6.699929,6.096017,1.975546,0.729742,0.000483,0.00137,2.582873,3.116739,0.258634,0.216528,0.595933,-2.984988,-7e-06,-0.085582,1.24078,0.0,0.0,6.43835,0.938889,6.34169,0.000819,13210.5
39,22.709,1503018028,1503019828,2017-08-18 01:00:28,0,18.599258,17.842951,2.575746,0.745196,0.000504,0.001441,5.022485,5.531228,0.505714,0.294167,0.201431,-2.114314,-5.5e-05,-4.544688,3.778934,0.0,0.0,6.503874,0.765556,8.521633,0.000774,12910.5
40,23.435,1503019828,1503021628,2017-08-18 01:30:28,0,12.08736,11.449147,2.13868,0.686553,0.000478,0.001367,4.076799,4.604372,0.4073,0.216389,0.395355,-1.178958,4.2e-05,-0.676115,-0.305641,0.0,0.0,6.162806,0.796944,0.728509,0.00073,10849.3
41,24.001,1503021628,1503023428,2017-08-18 02:00:28,0,9.883805,9.273417,2.028988,0.684356,0.000423,0.001174,3.50215,3.932178,0.349415,0.309861,0.551221,-1.931213,-1.9e-05,1.307611,-1.211552,0.0,0.0,5.720156,0.795694,2.688133,0.000686,13773.8
42,24.655,1503023428,1503025228,2017-08-18 02:30:28,0,5.007096,4.451679,1.823533,0.660721,0.000369,0.001023,2.39126,2.678901,0.239094,0.181528,0.440871,-3.253364,-1e-05,0.081273,-0.725437,0.0,0.0,5.547248,0.934444,3.784011,0.000644,11792.2
43,25.225,1503025228,1503027028,2017-08-18 03:00:28,0,7.121861,6.566131,1.840928,0.633816,0.000367,0.001033,3.041116,3.38598,0.303384,0.213333,0.650433,-5.058602,4.1e-05,1.244372,-2.728882,0.0,0.0,5.345517,0.925556,9.282249,0.000602,13665.4
44,25.832,1503027028,1503028828,2017-08-18 03:30:28,0,5.469565,4.934271,1.723162,0.694169,0.00033,0.000903,1.944019,2.415443,0.194657,0.531528,0.488626,-0.530799,9.7e-05,-0.960573,0.97583,0.0,0.0,4.783183,0.842361,3.140723,0.000562,12806.5
45,26.391,1503028828,1503030628,2017-08-18 04:00:28,0,8.198899,7.610473,1.943681,0.680243,0.000407,0.001131,2.955023,3.38807,0.295845,0.272639,0.480781,-0.846307,5.1e-05,-1.091501,0.618036,0.0,0.0,5.271652,0.855278,1.044713,0.000522,13956.1
46,26.94,1503030628,1503032428,2017-08-18 04:30:28,0,7.306607,6.745719,1.833005,0.681254,0.000385,0.001088,2.706896,3.166828,0.270426,0.319444,0.744977,-1.641296,4.1e-05,1.525379,-0.490281,0.0,0.0,5.057485,0.835417,2.974266,0.000484,14270.9
47,27.486,1503032428,1503034228,2017-08-18 05:00:28,0,6.892141,6.330783,1.817329,0.710752,0.000364,0.000971,2.60758,2.959729,0.260274,0.279583,0.601188,-3.039209,-4e-06,1.288933,-0.651767,0.0,0.0,4.808665,0.861944,1.701814,0.000447,14299.2
48,28.034,1503034228,1503036028,2017-08-18 05:30:28,0,7.64689,7.064826,1.89765,0.714717,0.000392,0.001042,2.47768,3.00976,0.247432,0.379028,0.338929,-0.999473,-4.7e-05,-0.065848,0.050085,0.0,0.0,4.761029,0.854167,2.311376,0.000412,14274.6
49,28.589,1503036028,1503037828,2017-08-18 06:00:28,0,5.443335,4.900136,1.757641,0.688922,0.000404,0.001043,2.24428,2.592995,0.224684,0.284861,0.253633,-2.085881,-4e-05,-1.232497,0.665068,0.0,0.0,4.77574,0.864028,2.243996,0.000378,14132.2
50,29.141,1503037828,1503039628,2017-08-18 06:30:28,0,7.645984,7.065898,1.885976,0.721049,0.000388,0.00101,2.624567,3.215573,0.263166,0.31875,0.526579,-1.777926,-2.5e-05,-0.494213,2.056794,0.0,0.0,4.664373,0.794583,6.232146,0.000346,14123.0
51,29.742,1503039628,1503041428,2017-08-18 07:00:28,0,6.456536,5.886919,1.858366,0.697112,0.000413,0.001059,2.567737,3.115012,0.256992,0.281528,0.562025,-1.86526,5.9e-05,-0.288656,0.941288,0.0,0.0,4.620535,0.764444,1.952707,0.000316,12919.0
52,30.315,1503041428,1503043228,2017-08-18 07:30:28,0,4.618534,4.113945,1.623132,0.655911,0.000375,0.00097,2.147643,2.406465,0.214516,0.351944,0.566352,-0.619514,-1.5e-05,1.046188,-1.203192,0.0,0.0,4.541166,0.946806,5.53838,0.000287,13672.2
53,30.884,1503043228,1503045028,2017-08-18 08:00:28,0,2.962357,2.485623,1.490565,0.691797,0.000291,0.00074,1.563304,1.838993,0.156386,0.367083,0.232587,-2.928345,-3.9e-05,-0.953205,0.243725,0.0,0.0,4.115248,0.96875,1.921973,0.00026,13689.5
54,31.437,1503045028,1503046828,2017-08-18 08:30:28,0,5.871821,5.341702,1.715765,0.672021,0.000324,0.0009,2.747955,3.00719,0.274633,0.175833,0.558621,-3.647658,4.4e-05,-0.161138,-1.329702,0.0,0.0,4.237917,0.719722,2.886964,0.000235,14093.8
55,31.981,1503046828,1503048628,2017-08-18 09:00:28,0,5.277744,4.789715,1.550822,0.667131,0.000222,0.000606,2.233152,2.609808,0.222971,0.362639,0.777515,-0.795205,0.000106,1.424721,-1.103944,0.0,0.0,3.851832,0.830833,4.088399,0.000212,14384.2
56,32.533,1503048628,1503050428,2017-08-18 09:30:28,0,4.305373,3.826144,1.508978,0.678079,0.000247,0.00062,2.034525,2.4228,0.203234,0.355694,0.857099,-2.636496,4e-05,1.557198,-1.237179,0.0,0.0,3.818206,0.920556,4.125317,0.000191,14079.4
57,33.178,1503050428,1503052228,2017-08-18 10:00:28,0,5.202421,4.721505,1.513701,0.681674,0.000213,0.000561,1.98436,2.34991,0.198058,0.416806,0.565145,-0.303169,-3.9e-05,1.053861,-0.841046,0.0,0.0,3.724862,0.882639,2.609937,0.000172,11960.6
58,33.799,1503052228,1503054028,2017-08-18 10:30:28,0,9.476997,8.894944,1.92452,0.670948,0.000252,0.000649,3.118531,3.629991,0.310942,0.392639,0.567115,-0.92339,2.3e-05,1.34531,-1.458658,0.0,0.0,3.742911,0.683333,3.876034,0.000156,12528.9
59,34.369,1503054028,1503055828,2017-08-18 11:00:28,0,4.872151,4.370933,1.590108,0.689251,0.000275,0.000694,2.263874,2.622217,0.226519,0.235556,0.224686,-4.189572,-3.5e-05,-1.507584,0.390718,0.0,0.0,3.740958,0.837361,1.524224,0.000141,13667.9
60,34.93,1503055828,1503057628,2017-08-18 11:30:28,0,5.230743,4.722689,1.620351,0.684185,0.000303,0.000788,2.320106,2.683815,0.232146,0.253611,0.508544,-0.862783,-2.4e-05,-0.142855,0.212994,0.0,0.0,3.955521,0.837778,1.729926,0.000128,13900.6
61,35.475,1503057628,1503059428,2017-08-18 12:00:28,0,3.990013,3.489424,1.586672,0.690624,0.000291,0.000769,1.940208,2.229535,0.19421,0.259028,0.490949,-2.549374,-7e-06,-0.227992,1.17177,0.0,0.0,3.926489,0.809444,2.202477,0.000118,14307.4
62,36.056,1503059428,1503061228,2017-08-18 12:30:28,0,5.377338,4.850783,1.670254,0.723848,0.000371,0.000962,2.069993,2.656423,0.207399,0.268472,0.359458,-1.091148,-7e-06,-1.014943,1.573001,0.0,0.0,4.187179,0.89625,5.87738,0.00011,13346.5
63,36.61,1503061228,1503063028,2017-08-18 13:00:28,0,6.811323,6.271839,1.748686,0.679322,0.000374,0.000948,2.630879,2.976984,0.263536,0.285278,0.400501,-0.304327,1e-05,-1.029392,0.835959,0.0,0.0,4.108296,0.781667,1.504386,0.000105,14083.8
64,37.138,1503063028,1503064828,2017-08-18 13:30:28,0,10.204737,9.607083,1.96826,0.70123,0.000355,0.000952,3.310201,3.795674,0.332205,0.269167,0.167203,-1.209706,-4.8e-05,-2.758569,2.199807,0.0,0.0,4.000707,0.770972,4.059878,0.000101,14795.2
65,37.694,1503064828,1503066628,2017-08-18 14:00:28,0,8.194394,7.619782,1.896569,0.667238,0.000345,0.000888,3.402592,3.819377,0.34028,0.078889,0.848958,-4.091285,2.6e-05,1.491011,-0.429646,0.0,0.0,4.054618,0.672917,3.354689,0.002,14186.9
66,38.232,1503066628,1503068428,2017-08-18 14:30:28,0,14.106489,13.289804,2.848219,0.695116,0.000333,0.000819,4.783324,5.548382,0.479315,0.125417,0.547668,-2.255891,-1e-06,-0.647335,0.349042,0.0,0.0,3.825898,0.567917,2.216677,0.002,14549.7
67,38.775,1503068428,1503070228,2017-08-18 15:00:28,0,14.780643,13.879579,3.197346,0.676026,0.000288,0.000752,4.978057,5.553234,0.495766,0.259722,0.521286,-3.916907,-1.6e-05,3.020835,-3.662799,0.0,0.0,3.71426,0.571806,4.330189,0.001999,14397.1
68,39.418,1503070228,1503072028,2017-08-18 15:30:28,0,10.78754,10.037218,2.580768,0.698773,0.000282,0.000729,3.387479,4.127206,0.337652,0.264583,0.275112,-2.112963,-6.8e-05,0.910943,-1.583828,0.0,0.0,3.57114,0.765972,2.097601,0.001997,12303.4
69,39.96,1503072028,1503073828,2017-08-18 16:00:28,0,7.152894,6.580925,1.868652,0.696176,0.000351,0.000846,2.847945,3.410796,0.284132,0.215417,0.396156,-2.554069,-5.8e-05,-0.242625,-1.988121,0.0,0.0,3.603989,0.690278,2.281844,0.001995,14417.8
70,40.529,1503073828,1503075628,2017-08-18 16:30:28,0,6.979699,6.428292,1.788891,0.691975,0.000356,0.000873,2.734761,3.318291,0.272961,0.301111,0.516096,-1.116181,-5.1e-05,0.156694,-1.464286,0.0,0.0,3.559384,0.728472,2.211192,0.001993,13699.2
71,41.145,1503075628,1503077428,2017-08-18 17:00:28,0,8.315458,7.728364,1.949008,0.662069,0.000494,0.001177,3.042051,3.333134,0.305038,0.255,0.361364,-2.806892,4.2e-05,-2.212966,1.848411,0.0,0.0,3.586092,0.761667,3.032071,0.00199,12609.7
72,41.718,1503077428,1503079228,2017-08-18 17:30:28,0,21.780266,20.622395,4.168864,0.765809,0.000715,0.001773,6.230796,6.735306,0.627681,0.195694,0.454397,-4.47605,5e-05,-4.106645,5.823933,0.0,0.0,3.663855,0.451667,9.740664,0.001986,13764.3
73,42.284,1503079228,1503081028,2017-08-18 18:00:28,0,9.580556,8.919932,2.240742,0.66273,0.000934,0.002342,3.396349,4.353873,0.339042,0.220972,0.249438,-1.310181,-1.9e-05,-0.621672,-0.382891,0.0,0.0,3.740397,0.705833,3.261976,0.001982,13772.9
74,42.835,1503081028,1503082828,2017-08-18 18:30:28,0,12.6391,11.838208,2.774912,0.706881,0.001097,0.00237,3.297706,4.875495,0.330682,0.285417,0.329183,-0.855759,-4e-06,-1.159034,0.983199,0.0,0.0,3.666134,0.7875,2.372218,0.001977,14198.8
75,43.384,1503082828,1503084628,2017-08-18 19:00:28,0,38.175713,35.250713,11.255182,0.733698,0.001072,0.00252,10.973012,11.563133,1.105672,0.086389,0.653961,-5.147335,9e-06,-3.124579,4.353671,0.0,0.0,3.766705,0.461667,10.743802,0.001972,14248.6
76,43.96,1503084628,1503086428,2017-08-18 19:30:28,0,16.945143,16.05611,3.155897,0.659417,0.001017,0.002668,4.81074,5.441704,0.478014,0.284167,0.654472,-1.178472,-2.2e-05,3.508152,-2.952615,0.0,0.0,3.950484,0.75,6.626329,0.001966,13516.1
77,44.516,1503086428,1503088228,2017-08-18 20:00:28,0,12.207048,11.553177,2.232021,0.632273,0.001003,0.002115,3.525876,4.306326,0.354067,0.263611,0.150125,-1.940679,-4.3e-05,-2.845708,1.757773,0.0,0.0,3.74137,0.795556,4.753305,0.001959,14053.9
78,45.071,1503088228,1503090028,2017-08-18 20:30:28,0,15.590938,14.679973,3.211746,0.711468,0.001263,0.002756,3.94707,4.461715,0.397276,0.409722,0.122179,-2.388074,-5.5e-05,-3.787235,3.604347,0.0,0.0,3.6807,0.789583,5.152706,0.001952,14087.3
79,45.62,1503090028,1503091828,2017-08-18 21:00:28,0,13.877939,13.073058,2.751538,0.770367,0.001329,0.003225,4.136997,4.640178,0.41566,0.357361,0.505726,-2.102367,7.2e-05,-3.221059,3.597046,0.0,0.0,3.892921,0.601944,7.301638,0.001944,14203.7
80,46.167,1503091828,1503093628,2017-08-18 21:30:28,0,7.37749,6.767142,1.99317,0.738363,0.0012,0.002906,2.896582,3.395456,0.290151,0.175278,0.358328,-1.6727,-3.8e-05,-1.209996,2.091332,0.0,0.0,4.148512,0.766944,4.665401,0.001936,14298.1
81,46.731,1503093628,1503095428,2017-08-18 22:00:28,0,17.830236,17.058905,2.671871,0.68051,0.001193,0.002873,5.16482,5.974082,0.513413,0.195556,0.261251,-3.404045,-3.3e-05,1.737107,-2.187512,0.0,0.0,4.135671,0.649028,3.977678,0.001928,13807.9
82,47.288,1503095428,1503097228,2017-08-18 22:30:28,0,20.412861,19.619835,2.761449,0.676648,0.001093,0.002549,5.702342,6.421963,0.565739,0.193611,0.610399,-1.582219,-2.2e-05,4.371073,-5.013684,0.0,0.0,4.104416,0.633889,6.271691,0.001918,14075.1
83,47.845,1503097228,1503099028,2017-08-18 23:00:28,0,5.560529,5.036622,1.66005,0.71928,0.000948,0.00217,2.03255,2.436754,0.202964,0.380417,0.575001,-2.312329,8e-06,1.014807,-0.184952,0.0,0.0,4.388574,0.879861,3.101879,0.001909,14010.0
84,48.407,1503099028,1503100828,2017-08-18 23:30:28,0,4.255179,3.760528,1.542469,0.721041,0.000801,0.001986,1.898745,2.148101,0.189742,0.370139,0.786575,-1.995706,6.1e-05,0.940493,-0.919791,0.0,0.0,4.328783,0.967778,2.862298,0.001899,13888.5
85,48.964,1503100828,1503102628,2017-08-19 00:00:28,0,6.598039,5.964253,2.133977,0.662868,0.000809,0.001881,2.81488,3.154186,0.281194,0.263889,0.30235,-2.35613,2.6e-05,-1.795746,-0.793341,0.0,0.0,4.872062,0.776111,2.954976,0.001888,13997.8
86,49.656,1503102628,1503104428,2017-08-19 00:30:28,0,7.248333,6.704061,1.75819,0.688534,0.001486,0.002765,2.584657,3.352797,0.257736,0.315694,0.522991,-1.724915,-5e-05,1.232509,-1.716784,0.0,0.0,4.602102,0.828472,3.409962,0.001877,11108.9
87,50.231,1503104428,1503106228,2017-08-19 01:00:28,0,8.886184,8.324448,1.820556,0.704235,0.000924,0.002036,3.343347,3.712149,0.333417,0.1925,0.495673,-2.138214,-4.9e-05,1.908994,-2.230498,0.0,0.0,4.834797,0.78,3.897533,0.001865,13798.2
88,50.804,1503106228,1503108028,2017-08-19 01:30:28,0,7.8417,7.294749,1.776394,0.679363,0.000859,0.002162,3.021041,3.409016,0.302111,0.297361,0.545991,-0.599675,3e-05,-0.025019,-0.032737,0.0,0.0,4.824248,0.798611,1.800212,0.001853,13736.7
89,51.359,1503108028,1503109828,2017-08-19 02:00:28,0,15.975658,14.974993,3.606636,0.650877,0.00132,0.002917,5.298906,6.273534,0.528502,0.102222,0.611631,-6.922504,-1.4e-05,1.030123,-0.146834,0.0,0.0,4.741203,0.64,6.430202,0.00184,14086.4
90,51.994,1503109828,1503111628,2017-08-19 02:30:28,0,9.588568,8.984133,2.016177,0.65857,0.001524,0.003451,3.754124,4.493556,0.376165,0.158056,0.668237,-1.865279,-5e-06,0.094616,1.221399,0.0,0.0,4.66515,0.646528,4.215521,0.001827,12344.0
91,52.571,1503111628,1503113428,2017-08-19 03:00:28,0,6.489863,5.955037,1.737064,0.657539,0.001908,0.003921,2.661223,3.200957,0.266631,0.207917,0.265574,-0.580028,-2.7e-05,-1.865384,1.637136,0.0,0.0,4.666515,0.785833,5.05881,0.001813,13601.2
92,53.142,1503113428,1503115228,2017-08-19 03:30:28,0,8.118147,7.559798,1.833079,0.65265,0.002083,0.004652,3.056358,3.587976,0.306255,0.24,0.323174,-1.40628,1.4e-05,-1.818718,0.855626,0.0,0.0,4.972721,0.795972,2.752398,0.001799,13640.3
93,53.73,1503115228,1503117028,2017-08-19 04:00:28,0,6.476834,5.930653,1.769075,0.67482,0.002543,0.005817,2.485954,2.940444,0.248171,0.388472,0.627088,-0.340855,-1.4e-05,1.149541,-0.998177,0.0,0.0,5.427426,0.930139,3.98791,0.001784,13188.8
94,54.317,1503117028,1503118828,2017-08-19 04:30:28,0,13.62046,12.984594,2.150891,0.638519,0.002407,0.004602,3.668961,4.670275,0.369092,0.236111,0.208099,-1.040031,-2.8e-05,-3.096279,2.333719,0.0,0.0,4.920566,0.891667,4.767071,0.001769,13227.4
95,54.888,1503118828,1503120628,2017-08-19 05:00:28,0,8.259313,7.715055,1.785571,0.632693,0.002812,0.006367,2.696644,3.296338,0.269307,0.358056,0.361852,-0.53922,-8e-06,-0.098481,0.296551,0.0,0.0,5.069646,0.865556,3.392692,0.001754,13659.8
96,55.484,1503120628,1503122428,2017-08-19 05:30:28,0,13.516184,12.855428,2.247516,0.636924,0.003292,0.00682,3.386559,4.037487,0.340705,0.538194,0.394726,-0.750455,4.4e-05,-2.836673,2.747134,0.0,0.0,5.29645,0.82375,5.239244,0.001738,13031.8
97,56.041,1503122428,1503124228,2017-08-19 06:00:28,0,5.813373,5.282714,1.717283,0.650788,0.003644,0.007664,2.363095,2.7342,0.236293,0.3425,0.54907,-1.71521,4.2e-05,-0.144848,0.60612,0.0,0.0,5.09289,0.902361,3.079549,0.001722,13996.2
98,56.602,1503124228,1503126028,2017-08-19 06:30:28,0,9.967492,9.372959,1.941735,0.701257,0.003874,0.007928,3.453817,3.911171,0.346487,0.147361,0.307541,-2.925863,0.008792,-2.376263,2.159756,3e-05,0.005131,5.168815,0.851944,5.264103,0.001705,13893.8
99,57.166,1503126028,1503127828,2017-08-19 07:00:28,0,18.574551,17.700106,3.076892,0.675997,0.003843,0.007583,5.111301,6.171722,0.514744,0.309167,0.196272,-1.074535,-0.040229,-4.395465,4.472377,1.1e-05,0.005019,4.760463,0.733889,5.215641,0.001688,13888.2
100,57.743,1503127828,1503129628,2017-08-19 07:30:28,0,11.242578,10.624041,2.022558,0.729344,0.003282,0.007635,4.106695,4.861559,0.410269,0.149861,0.301194,-3.038927,-0.114648,-0.259454,0.380132,3.4e-05,0.007646,4.518305,0.577361,3.005458,0.001671,13519.8
101,58.313,1503129628,1503131428,2017-08-19 08:00:28,0,8.658024,8.133256,1.640592,0.739367,0.003747,0.007337,2.943363,3.362079,0.293489,0.300417,0.532312,-1.728093,-0.078086,1.593242,-1.45058,1.4e-05,0.005044,4.622365,0.842222,5.488882,0.001653,13711.1
102,58.918,1503131428,1503133228,2017-08-19 08:30:28,0,10.620901,10.067215,1.810622,0.652202,0.003143,0.006577,3.529968,4.050716,0.354293,0.284028,0.501674,-1.344224,0.009031,-1.819798,2.004082,1.8e-05,0.007579,4.808508,0.77875,4.322501,0.001634,12828.0
103,59.465,1503133228,1503135028,2017-08-19 09:00:28,0,7.666142,7.146993,1.693933,0.611709,0.003999,0.007546,2.540696,3.251179,0.253468,0.430833,0.545709,-0.325744,-0.05637,0.9644,-0.773722,0.0,0.0,4.553194,0.835417,3.777732,0.001616,14319.2
104,60.069,1503135028,1503136828,2017-08-19 09:30:28,0,11.200751,10.621971,1.886669,0.693052,0.003007,0.006752,3.644309,4.04872,0.363084,0.366667,0.718714,-2.063024,0.066053,2.397925,-2.206286,0.0,0.0,5.117164,0.786806,5.262728,0.001597,12810.9
105,60.657,1503136828,1503138628,2017-08-19 10:00:28,0,11.605024,10.991966,2.056839,0.6411,0.00244,0.006098,4.081038,4.608054,0.408519,0.313194,0.569351,-0.826039,-2.6e-05,0.225737,-0.022823,8e-06,0.002537,5.099029,0.649444,4.162638,0.001578,13321.1
106,61.197,1503138628,1503140428,2017-08-19 10:30:28,0,10.990558,10.35699,2.129383,0.653105,0.003074,0.007057,3.907198,4.672717,0.391755,0.207639,0.448337,-0.902573,0.034211,-1.253515,1.496869,3.1e-05,0.005388,4.960347,0.710278,2.209208,0.001558,14472.6
107,61.784,1503140428,1503142228,2017-08-19 11:00:28,0,8.577668,8.000435,1.962337,0.552317,0.003615,0.008158,3.637665,4.402897,0.364655,0.269722,0.390634,-0.323126,-0.104389,-1.619276,1.906884,4.2e-05,0.005192,5.202272,0.673472,6.23352,0.001538,13263.3
108,62.353,1503142228,1503144028,2017-08-19 11:30:28,0,19.990784,19.130533,3.039936,0.635381,0.005096,0.009519,6.576652,7.277581,0.661868,0.117778,0.319236,-8.301867,-0.077455,-4.431752,4.814919,7.1e-05,0.007974,4.431948,0.3375,5.434915,0.001518,13728.4
109,62.933,1503144028,1503145828,2017-08-19 12:00:28,0,15.581047,14.778396,2.772408,0.679291,0.008325,0.013303,4.844434,5.66038,0.483921,0.326111,0.459659,-1.87972,-0.064849,-0.081102,0.553338,4.1e-05,0.007717,4.261023,0.606528,3.078428,0.001498,13499.7
110,63.515,1503145828,1503147628,2017-08-19 12:30:28,0,30.618759,29.596033,3.636618,0.714833,0.006197,0.013139,8.205031,8.758413,0.811548,0.22375,0.701231,-4.205939,0.063714,7.243752,-6.706115,0.000121,0.008128,4.756023,0.56625,9.153755,0.001477,13389.9
111,64.114,1503147628,1503149428,2017-08-19 13:00:28,0,13.130756,12.415493,2.435381,0.672734,0.005451,0.01119,4.782854,5.384005,0.477587,0.197361,0.531618,-2.447928,0.01747,1.142658,-0.549608,0.000168,0.010758,5.450269,0.524167,3.615039,0.001456,13087.8
112,64.709,1503149428,1503151228,2017-08-19 13:30:28,0,8.781851,8.208353,1.915899,0.597707,0.004482,0.010893,3.454261,4.325078,0.346573,0.374444,0.301018,-1.639391,-0.316948,-2.173951,2.746122,0.000105,0.010536,5.182305,0.780556,6.036286,0.001435,13073.0
113,65.299,1503151228,1503153028,2017-08-19 14:00:28,0,8.825808,8.301623,1.710236,0.607258,0.005193,0.012105,2.9962,3.859994,0.300958,0.35625,0.275855,-1.068304,-0.382161,-2.23548,2.79638,0.000274,0.011317,4.623943,0.892639,6.281564,0.001414,13209.5
114,65.865,1503153028,1503154828,2017-08-19 14:30:28,0,4.437407,3.927832,1.680233,0.556579,0.005885,0.012497,2.271888,2.689021,0.227215,0.302639,0.619509,-0.295864,0.060127,0.719933,-0.16531,0.000149,0.008284,4.973065,0.917917,6.360686,0.001392,13784.4
115,66.427,1503154828,1503156628,2017-08-19 15:00:28,0,5.511742,4.951325,1.752234,0.774408,0.005911,0.013252,2.229389,2.722645,0.222923,0.351111,0.513995,-1.323226,-0.187129,0.485298,0.01872,0.000168,0.008314,5.274476,0.935,4.505093,0.00137,13879.8
116,67.043,1503156628,1503158428,2017-08-19 15:30:28,0,13.7933,13.168514,2.125707,0.573007,0.006743,0.016811,5.188247,5.514762,0.521364,0.1075,0.336223,-3.681662,-0.121557,-3.361959,3.889768,0.000136,0.007943,5.939602,0.783472,7.526664,0.001348,12739.7
117,67.618,1503158428,1503160228,2017-08-19 16:00:28,0,15.238594,14.542911,2.32931,0.706477,0.006866,0.016322,4.971219,5.374134,0.495307,0.239306,0.843167,-3.193341,0.102582,3.989085,-3.47155,0.000259,0.011511,5.524245,0.618889,10.042742,0.001326,13599.8
118,68.201,1503160228,1503162028,2017-08-19 16:30:28,0,13.604226,13.009638,2.005818,0.559669,0.009069,0.01871,4.819359,5.236305,0.483487,0.179167,0.353552,-3.415282,-0.128643,-1.883029,2.367146,0.000417,0.011411,5.852323,0.788889,7.450067,0.001303,13403.1
119,68.772,1503162028,1503163828,2017-08-19 17:00:28,0,6.907066,6.35892,1.77412,0.642548,0.007923,0.017401,2.670281,3.305302,0.267355,0.374722,0.62087,-0.402614,0.039485,-0.007195,0.468079,0.000405,0.011973,5.451777,0.878056,4.60329,0.001281,13689.7
120,69.34,1503163828,1503165628,2017-08-19 17:30:28,0,12.289479,11.632622,2.170824,0.694524,0.008924,0.023089,4.816018,5.181891,0.481412,0.168194,0.359433,-10.063424,-0.162864,-0.327622,0.778598,0.000413,0.009402,6.440879,0.727639,3.92502,0.001258,13790.6
121,69.91,1503165628,1503167428,2017-08-19 18:00:28,0,6.866776,6.309085,1.829664,0.603134,0.009407,0.020799,2.832912,3.367126,0.282942,0.359306,0.691801,-0.672803,0.014077,1.288294,-0.860075,0.000394,0.012503,5.788082,0.899583,7.102657,0.001235,13742.1
122,70.465,1503167428,1503169228,2017-08-19 18:30:28,0,10.157441,9.542741,1.973109,0.734181,0.0108,0.024074,3.540423,4.134171,0.353191,0.246389,0.562554,-1.703618,-0.054646,1.57195,-1.096538,0.000547,0.012029,6.207075,0.770556,7.528255,0.001212,14126.8
123,71.059,1503169228,1503171028,2017-08-19 19:00:28,0,4.386978,3.832065,1.870328,0.505577,0.01034,0.026452,2.400463,2.907707,0.240341,0.307639,0.537403,-0.570917,0.067317,-0.479444,1.031461,0.000778,0.013749,6.211117,0.887361,5.125432,0.001189,13126.3
124,71.694,1503171028,1503172828,2017-08-19 19:30:28,0,4.158158,3.598267,1.827177,0.61295,0.010416,0.024518,2.244163,2.590844,0.224553,0.299861,0.370353,-0.880797,-0.144503,-0.355254,0.8268,0.000853,0.012877,6.044786,0.998194,5.224561,0.001166,12491.7
125,72.251,1503172828,1503174628,2017-08-19 20:00:28,0,5.044209,4.468672,1.76994,0.815138,0.010033,0.02381,1.697658,2.174965,0.169805,0.437361,0.808676,-0.500795,0.212683,0.9647,-0.410775,0.001284,0.015036,5.710387,0.976806,8.086305,0.001143,14091.0
126,72.797,1503174628,1503176428,2017-08-19 20:30:28,0,5.205654,4.664219,1.824048,0.48238,0.012221,0.028665,2.765845,3.269164,0.277177,0.338056,0.332411,-0.760035,-0.022776,-1.556404,2.07274,0.001149,0.014697,6.031908,0.912083,7.460946,0.00112,14394.4
127,73.35,1503176428,1503178228,2017-08-19 21:00:28,0,8.501421,7.886834,2.016844,0.65232,0.012418,0.025381,3.414995,3.96727,0.341437,0.143194,0.66828,-7.843262,0.144957,0.73512,-0.272613,0.001601,0.01573,5.618879,0.783611,5.934399,0.001097,14163.5
128,73.897,1503178228,1503180028,2017-08-19 21:30:28,0,13.731345,13.101389,2.135754,0.542899,0.013286,0.033052,4.574231,5.010598,0.455669,0.262778,0.529259,-0.945621,-0.027935,2.855007,-2.218817,0.001004,0.013863,5.800369,0.778472,10.71745,0.001073,14305.6
129,74.434,1503180028,1503181828,2017-08-19 22:00:28,0,8.135707,7.589592,1.815752,0.52455,0.012219,0.030811,2.953907,3.690733,0.295483,0.344583,0.62467,-0.049745,0.176906,0.295399,0.156815,0.000874,0.013609,5.69835,0.875278,5.87982,0.00105,14625.4
130,74.976,1503181828,1503183628,2017-08-19 22:30:28,0,5.333166,4.766692,1.836482,0.609283,0.01506,0.034623,2.39605,3.04903,0.239295,0.256806,0.675039,-0.983462,0.214108,1.329465,-0.678896,0.002063,0.016954,6.047621,0.949306,7.696683,0.001027,14469.9
131,75.514,1503183628,1503185428,2017-08-19 23:00:28,0,3.274642,2.752435,1.666651,0.59745,0.014715,0.035491,1.808852,2.143975,0.180736,0.364306,0.739269,-0.237106,0.191308,1.29028,-0.75434,0.001007,0.014701,5.0569,0.920833,7.93637,0.001003,14564.9
132,76.054,1503185428,1503187228,2017-08-19 23:30:28,0,5.591935,5.007143,1.927632,0.558018,0.0169,0.045207,2.606679,2.889018,0.260262,0.1675,0.908663,-3.05265,-0.172375,2.494929,-1.554859,0.001249,0.015889,5.658415,0.844167,11.478013,0.00098,14570.8
133,76.593,1503187228,1503189028,2017-08-20 00:00:28,0,13.886931,13.208567,2.102786,0.858973,0.020636,0.057202,3.948859,4.724732,0.396756,0.246389,0.496493,-1.526976,0.057137,-1.259012,2.938496,0.001156,0.012352,5.966603,0.794861,13.106849,0.000957,14512.2
134,77.141,1503189028,1503190828,2017-08-20 00:30:28,0,6.881209,6.32518,1.79917,0.603944,0.013779,0.03689,2.88135,3.358389,0.288757,0.2875,0.673318,-1.541922,0.050004,0.728172,2.031805,0.001573,0.018343,5.212586,0.8275,6.451997,0.000934,14270.9
135,77.708,1503190828,1503192628,2017-08-20 01:00:28,0,6.111995,5.537261,1.799811,0.726667,0.014362,0.035818,2.74149,3.060846,0.274383,0.319583,0.512427,-1.431393,0.00975,-0.261402,0.761779,0.00222,0.01785,5.550341,0.894444,6.915045,0.000911,13753.6
136,78.252,1503192628,1503194428,2017-08-20 01:30:28,0,3.599271,3.057444,1.804753,0.451596,0.020297,0.053602,2.255946,2.581849,0.225644,0.240556,0.64073,-2.501974,0.214147,1.577551,0.149274,0.00216,0.021891,5.885096,0.980833,8.115749,0.000888,14403.6
137,78.84,1503194428,1503196228,2017-08-20 02:00:28,0,7.427582,6.849267,1.921193,0.509468,0.01887,0.051372,3.452921,3.94128,0.345,0.091389,0.896784,-2.531267,0.193481,3.75109,-0.498359,0.001668,0.017391,5.420479,0.835694,7.952238,0.000865,13218.8
138,79.381,1503196228,1503198028,2017-08-20 02:30:28,0,9.946876,9.217363,2.38458,0.733611,0.020401,0.055425,3.772659,4.290454,0.377149,0.204306,0.546841,-1.690432,0.157998,-0.071179,-0.203889,0.003363,0.027572,4.827076,0.646111,7.638653,0.000842,14515.0
139,79.944,1503198028,1503199828,2017-08-20 03:00:28,0,5.973257,5.425011,1.739724,0.612465,0.019055,0.05006,2.660411,3.33274,0.265908,0.233056,0.558631,-0.934152,-0.000795,1.17344,0.184463,0.003836,0.030321,4.527747,0.78375,8.288347,0.000819,13901.9
140,80.512,1503199828,1503201628,2017-08-20 03:30:28,0,6.338889,5.723864,1.931388,0.737563,0.018764,0.051427,2.843927,3.167119,0.284945,0.164167,0.45903,-2.83808,-0.519511,-0.464673,2.526225,0.002635,0.023981,4.805666,0.865972,17.359535,0.000797,14337.7
141,81.058,1503201628,1503203428,2017-08-20 04:00:28,0,6.309542,5.742013,1.812286,0.662289,0.013642,0.034642,3.220869,3.492556,0.322177,0.112778,0.512642,-11.956973,-0.044749,0.26744,0.004793,0.002881,0.027302,4.570058,0.788056,6.234004,0.000774,14312.1
142,81.606,1503203428,1503205228,2017-08-20 04:30:28,0,5.828979,5.262939,1.719904,0.747263,0.021295,0.05598,2.295766,2.657728,0.229473,0.263472,0.615552,-26.961065,-21.532408,0.133561,-0.261022,0.003715,0.029048,4.454501,0.819722,10.664496,0.000752,14290.2
143,82.144,1503205228,1503207028,2017-08-20 05:00:28,0,5.924123,5.40545,1.693505,0.448628,0.024573,0.066291,2.762301,3.316313,0.275691,0.226528,0.803346,-6.143299,0.36429,3.162431,-1.139452,0.002949,0.031296,4.086404,0.758333,13.23303,0.00073,14514.2
144,82.688,1503207028,1503208828,2017-08-20 05:30:28,0,9.556304,8.92776,1.995757,0.686019,0.023403,0.063302,3.543524,4.109264,0.355273,0.226389,0.59,-2.223421,-0.580101,-0.388475,2.367213,0.003396,0.024268,4.275842,0.717083,16.834421,0.000708,14407.6
145,83.249,1503208828,1503210628,2017-08-20 06:00:28,0,3.089365,2.601665,1.558445,0.506555,0.019377,0.052399,1.724189,2.092104,0.172475,0.480694,0.651775,-1.576231,0.008869,1.238961,0.428493,0.003278,0.036889,4.482659,0.936389,6.747781,0.000686,13887.7
146,83.841,1503210628,1503212428,2017-08-20 06:30:28,0,5.946215,5.349622,1.802856,0.828212,0.018994,0.051258,2.878451,3.175595,0.28821,0.09125,0.42281,-7.170121,-0.874866,0.717928,1.518579,0.002357,0.024325,4.71965,0.852361,10.003708,0.000665,13332.8
147,84.414,1503212428,1503214228,2017-08-20 07:00:28,0,5.826879,5.269111,1.738019,0.69395,0.017366,0.043753,2.662113,3.048382,0.266109,0.155972,0.53886,-3.769392,0.032759,0.430324,-0.492833,0.00382,0.031792,4.777199,0.915417,5.650386,0.000644,13637.4
148,85.075,1503214228,1503216028,2017-08-20 07:30:28,0,14.398475,13.641935,2.529033,0.666105,0.022097,0.055538,4.864475,5.39379,0.484373,0.274167,0.559206,-3.189898,0.285607,0.891809,-4.085983,0.004337,0.033898,4.418854,0.589583,9.251978,0.000623,11691.4
149,85.734,1503216028,1503217828,2017-08-20 08:00:28,0,18.716667,17.472494,4.405373,0.757307,0.026718,0.066012,6.399634,7.318296,0.642433,0.178056,0.546996,-2.624341,0.18109,-0.812478,2.03889,0.00551,0.03859,4.140613,0.448889,14.573649,0.000602,11736.0
150,86.284,1503217828,1503219628,2017-08-20 08:30:28,0,18.033033,17.237684,2.719407,0.56579,0.027604,0.070333,5.609682,6.678561,0.558608,0.211528,0.658771,-1.330141,0.381059,3.296238,-1.51847,0.005468,0.037561,4.265246,0.6075,7.438565,0.000582,14281.6
151,86.832,1503219628,1503221428,2017-08-20 09:00:28,0,12.928575,12.124702,2.581448,0.875213,0.023872,0.064528,5.083508,5.689975,0.509306,0.082083,0.428294,-3.586002,-0.578674,0.186787,2.195651,0.00387,0.02847,4.255173,0.450833,8.283011,0.000562,14342.5
152,87.374,1503221428,1503223228,2017-08-20 09:30:28,0,7.260462,6.686495,1.811791,0.684933,0.016581,0.041654,3.154455,3.993299,0.316331,0.240139,0.536461,-1.180655,-0.371532,0.994198,2.914811,0.004055,0.038469,4.148956,0.713194,10.489659,0.000542,14506.2
153,87.921,1503223228,1503225028,2017-08-20 10:00:28,0,3.141335,2.637398,1.569358,0.639403,0.013738,0.03722,1.581717,1.795776,0.15833,0.395694,0.533077,-3.574734,0.094532,0.392567,0.649553,0.002255,0.027467,4.206193,0.926111,4.59934,0.000522,14339.4
154,88.474,1503225028,1503226828,2017-08-20 10:30:28,0,4.960369,4.433616,1.681944,0.605996,0.01357,0.03613,2.474726,2.928868,0.24795,0.2575,0.59371,-1.620746,-0.071772,-0.130418,2.331666,0.002865,0.021317,4.037084,0.842222,11.297275,0.000503,14138.7
155,89.014,1503226828,1503228628,2017-08-20 11:00:28,0,11.894176,11.196313,2.363603,0.590781,0.017788,0.038362,4.48071,4.92829,0.449878,0.293056,0.603491,-6.931458,-0.323829,0.086329,4.229934,0.003238,0.029741,4.645874,0.629722,10.516466,0.000484,14499.5
156,89.553,1503228628,1503230428,2017-08-20 11:30:28,0,6.039441,5.486744,1.740807,0.659464,0.018534,0.037276,3.045534,3.39517,0.304796,0.143889,0.607022,-1.763229,0.0886,0.990777,0.268355,0.004378,0.027613,4.482111,0.792361,5.947559,0.000466,14541.8
157,90.1,1503230428,1503232228,2017-08-20 12:00:28,0,4.190652,3.664774,1.660589,0.569311,0.024624,0.052801,1.915162,2.234503,0.191409,0.441111,0.745597,-0.836404,0.455571,1.594819,-0.848349,0.004584,0.028339,4.782773,0.928889,7.105598,0.000447,14332.1
158,90.656,1503232228,1503234028,2017-08-20 12:30:28,0,5.762833,5.20676,1.736333,0.60612,0.029898,0.065664,2.779426,3.118501,0.278248,0.177639,0.603064,-1.741127,-1.034831,1.056229,1.308881,0.004581,0.028756,4.731932,0.8375,9.561092,0.000429,14122.6
159,91.196,1503234028,1503235828,2017-08-20 13:00:28,0,3.393212,2.894729,1.616968,0.481681,0.020171,0.04943,2.006177,2.365723,0.200643,0.271528,0.810066,-1.841921,0.278866,1.769496,0.627806,0.002896,0.025883,4.612412,0.9475,5.820745,0.000412,14561.3
160,91.744,1503235828,1503237628,2017-08-20 13:30:28,0,11.504706,10.818884,2.267761,0.684533,0.01443,0.037725,4.091725,4.877633,0.409023,0.194028,0.484739,-6.29664,-0.004862,-0.428633,-1.512888,0.003138,0.028122,4.334605,0.575,11.971328,0.000395,14301.1
161,92.29,1503237628,1503239428,2017-08-20 14:00:28,0,9.492216,8.925596,1.886291,0.453875,0.02544,0.058514,3.57284,3.992746,0.358666,0.327639,0.79531,-1.138612,-0.372738,3.10921,2.501574,0.004741,0.030139,4.43578,0.773472,7.322827,0.000378,14334.6
162,92.826,1503239428,1503241228,2017-08-20 14:30:28,0,4.721495,4.204001,1.567724,0.720584,0.016119,0.039021,1.644228,1.876527,0.164281,0.413611,0.508366,-1.093064,-0.094322,0.299206,-0.864767,0.003296,0.031288,4.467058,0.994722,8.539905,0.000362,14613.2
163,93.362,1503241228,1503243028,2017-08-20 15:00:28,0,4.750085,4.205699,1.748666,0.603896,0.015695,0.036086,2.413435,2.817169,0.24108,0.240278,0.611689,-0.922359,0.033247,0.588069,-0.74708,0.003268,0.028054,4.526041,0.865417,5.05389,0.000346,14563.7
164,93.897,1503243028,1503244828,2017-08-20 15:30:28,0,9.241982,8.594043,2.199412,0.504017,0.020205,0.051803,2.970408,3.42415,0.295922,0.386111,0.851252,-2.812622,0.357716,1.74372,-2.069156,0.003316,0.030168,4.753422,0.806389,8.371551,0.000331,14635.7
165,94.425,1503244828,1503246628,2017-08-20 16:00:28,0,16.81736,15.920029,3.10767,0.655437,0.020681,0.048434,5.317274,5.536203,0.528687,0.190833,0.629562,-9.482391,0.107613,3.20525,-4.74966,0.003368,0.025629,4.458837,0.693889,14.133347,0.000316,14822.7
166,94.961,1503246628,1503248428,2017-08-20 16:30:28,0,6.749419,6.107611,2.149329,0.489644,0.029195,0.067565,3.093645,3.686735,0.308974,0.214306,0.790788,-2.943253,0.31268,3.003265,-1.144535,0.003619,0.030839,4.565357,0.737222,8.588517,0.000301,14634.0
167,95.499,1503248428,1503250228,2017-08-20 17:00:28,0,3.807633,3.271833,1.691893,0.555307,0.027992,0.063682,1.766116,2.176625,0.176542,0.3775,0.678882,-0.457688,0.271161,1.265615,-0.476023,0.005067,0.030902,4.859493,0.94625,7.633295,0.000287,14600.3
168,96.04,1503250228,1503252028,2017-08-20 17:30:28,0,5.368058,4.823812,1.719166,0.628622,0.020111,0.040476,2.896979,3.184289,0.290117,0.089722,0.615961,-5.533887,-0.009441,1.260471,2.191704,0.004024,0.026899,4.158538,0.776389,9.880053,0.000273,14466.2
169,96.616,1503252028,1503253828,2017-08-20 18:00:28,0,2.625438,2.13932,1.507034,0.623278,0.01606,0.03116,1.474012,1.815921,0.147398,0.425139,0.56524,-0.178337,0.051576,0.395314,-0.240545,0.003519,0.02976,4.182667,0.958611,4.309507,0.00026,13524.1
170,97.162,1503253828,1503255628,2017-08-20 18:30:28,0,5.309989,4.776447,1.673971,0.620346,0.020562,0.048303,2.406698,2.769144,0.240503,0.20375,0.627777,-1.411207,0.03562,1.320258,0.204718,0.002804,0.026055,4.322012,0.892361,8.134974,0.000247,14349.1
171,97.787,1503255628,1503257428,2017-08-20 19:00:28,0,5.128915,4.635235,1.526119,0.633728,0.015708,0.038331,2.109097,2.434512,0.210499,0.347222,0.607083,-1.207448,0.146797,1.658617,-1.481269,0.002333,0.022729,4.313236,0.927222,9.812638,0.000235,12370.1
172,98.341,1503257428,1503259228,2017-08-20 19:30:28,0,2.254294,1.777369,1.457113,0.612518,0.020207,0.043226,1.492816,1.738422,0.149394,0.380833,0.658119,-0.429801,-0.015536,0.701316,0.987297,0.003067,0.022943,4.12559,0.995694,6.001885,0.000223,14102.0
173,98.876,1503259228,1503261028,2017-08-20 20:00:28,0,7.347957,6.757812,1.868496,0.710407,0.016573,0.032581,2.867008,3.217161,0.286593,0.325972,0.473487,-2.160812,0.019447,-0.373891,-0.546591,0.002804,0.021837,3.868265,0.721667,6.066924,0.000212,14613.1
174,99.415,1503261028,1503262828,2017-08-20 20:30:28,0,6.684028,6.093593,1.857265,0.682138,0.023018,0.049935,2.851148,3.175461,0.285782,0.35125,0.613308,-0.827448,-0.204122,0.837149,2.35525,0.003533,0.023637,4.023146,0.708056,9.753922,0.000201,14528.0
175,99.949,1503262828,1503264628,2017-08-20 21:00:28,0,4.915748,4.418812,1.568984,0.600258,0.013892,0.031581,2.18744,2.725409,0.218762,0.375278,0.801616,-0.803747,0.209966,1.608019,0.393741,0.002151,0.021197,3.860074,0.779861,5.955632,0.000191,14656.9
176,100.479,1503264628,1503266428,2017-08-20 21:30:28,0,7.849899,7.255831,1.887782,0.672373,0.021664,0.041344,3.00611,3.265977,0.301307,0.329306,0.596619,-2.415852,0.128399,1.346964,1.440494,0.002459,0.024354,4.340248,0.719306,5.692087,0.000182,14798.1
177,101.02,1503266428,1503268228,2017-08-20 22:00:28,0,2.678129,2.219214,1.4199,0.556571,0.020485,0.040817,1.249113,1.600628,0.124906,0.603611,0.863445,-1.162313,0.341438,1.34284,0.09311,0.003853,0.030126,4.167747,0.978333,6.71223,0.000172,14442.6
178,101.564,1503268228,1503270028,2017-08-20 22:30:28,0,1.861475,1.422357,1.380314,0.49856,0.020061,0.036093,1.33351,1.739128,0.133418,0.454167,0.891414,-0.119284,0.313957,1.336757,0.408237,0.002877,0.022317,3.834759,0.98125,2.970505,0.000164,14351.7
179,102.125,1503270028,1503271828,2017-08-20 23:00:28,0,5.35264,4.833121,1.588933,0.682555,0.02005,0.039364,2.021526,2.400709,0.202427,0.404167,0.645512,-0.404,0.297335,1.364078,0.30824,0.003156,0.025097,3.95327,0.871528,4.659133,0.000156,13888.9
180,102.749,1503271828,1503273628,2017-08-20 23:30:28,0,8.596918,8.005726,1.896986,0.608523,0.024399,0.055139,3.205926,3.623693,0.321498,0.209444,0.715228,-6.330742,-0.612713,0.642376,2.458546,0.003071,0.023509,4.196623,0.74125,11.319007,0.000148,12435.9
181,103.371,1503273628,1503275428,2017-08-21 00:00:28,0,8.245256,7.708196,1.741299,0.564059,0.016028,0.03755,2.865664,3.474307,0.287434,0.439722,0.589646,-0.639916,-0.056041,1.845453,1.2807,0.002646,0.028205,3.897719,0.761111,6.313554,0.000141,12576.9
182,104.011,1503275428,1503277228,2017-08-21 00:30:28,0,4.831293,4.315471,1.654557,0.555024,0.017059,0.043472,2.601353,3.032373,0.260287,0.1925,0.716602,-2.352084,0.180664,2.11769,1.125905,0.002661,0.025786,4.123697,0.758889,7.656716,0.000134,12176.6
183,104.571,1503277228,1503279028,2017-08-21 01:00:28,0,7.360562,6.777542,1.872339,0.6372,0.018953,0.039921,2.865198,3.303526,0.287246,0.384028,0.632899,-0.85428,-0.008384,1.728696,2.095266,0.003576,0.024234,4.415393,0.748333,7.173464,0.000128,14192.1
184,105.109,1503279028,1503280828,2017-08-21 01:30:28,0,3.381843,2.86766,1.572319,0.650767,0.023477,0.047013,1.840337,2.083774,0.184026,0.27875,0.55777,-1.457384,0.139061,0.463566,-0.238406,0.003959,0.028227,4.356351,0.949167,6.18783,0.000123,14599.4
185,105.641,1503280828,1503282628,2017-08-21 02:00:28,0,5.496324,4.963327,1.663913,0.595615,0.026999,0.057385,2.251805,2.902421,0.225701,0.473056,0.767471,-1.490015,-0.133091,0.974046,1.61799,0.004123,0.025962,4.019855,0.816944,8.465343,0.000118,14712.8
186,106.181,1503282628,1503284428,2017-08-21 02:30:28,0,6.111557,5.551501,1.742908,0.642996,0.02581,0.061966,2.673613,3.02659,0.267846,0.238889,0.623384,-11.069322,-9.689831,1.459646,2.213319,0.003384,0.024276,4.70155,0.831667,11.292448,0.000114,14652.8
187,106.708,1503284428,1503286228,2017-08-21 03:00:28,0,5.586997,5.029904,1.740197,0.701058,0.015484,0.037968,2.557729,2.972545,0.255949,0.212222,0.431743,-2.311383,-0.121002,-0.18391,0.438299,0.00288,0.028216,4.11781,0.767778,7.032547,0.00011,14850.9
188,107.237,1503286228,1503288028,2017-08-21 03:30:28,0,6.498672,5.927966,1.817497,0.627725,0.021869,0.045258,2.882344,3.286643,0.28876,0.299722,0.602514,-7.6225,0.129341,0.488479,2.166039,0.004258,0.027807,4.094305,0.65875,8.495343,0.000107,14844.4
189,107.775,1503288028,1503289828,2017-08-21 04:00:28,0,5.674184,5.116471,1.753559,0.642757,0.022903,0.045836,2.662145,3.253498,0.266585,0.186528,0.529896,-0.826406,-0.016507,0.897994,1.401702,0.003842,0.029126,4.072107,0.723056,4.917013,0.000105,14573.5
190,108.331,1503289828,1503291628,2017-08-21 04:30:28,0,5.971433,5.425233,1.696584,0.678169,0.020469,0.040233,2.471509,2.84757,0.246708,0.255,0.558098,-1.878149,0.235805,0.413191,-1.710391,0.004472,0.027832,4.395093,0.887778,8.029904,0.000103,14160.1
191,108.881,1503291628,1503293428,2017-08-21 05:00:28,0,6.432137,5.852582,1.774332,0.710918,0.027703,0.063567,2.530047,2.873113,0.253514,0.361944,0.455499,-0.874193,-0.319779,-0.639959,1.825485,0.004568,0.028957,4.400928,0.763333,17.091841,0.000101,14172.0
192,109.443,1503293428,1503295228,2017-08-21 05:30:28,0,12.504339,11.790128,2.399781,0.646746,0.017226,0.034594,4.63235,4.936302,0.465135,0.217361,0.646747,-6.834531,-0.040448,1.717151,4.053384,0.003626,0.027485,3.64863,0.511944,10.109756,0.0001,13862.4
193,109.985,1503295228,1503297028,2017-08-21 06:00:28,0,12.479927,11.799274,2.247542,0.656396,0.019364,0.043445,4.22253,4.803739,0.423867,0.163889,0.503309,-1.990785,-0.143632,0.584789,2.902464,0.004065,0.031025,3.879592,0.659167,10.662363,0.002,14442.3
194,110.528,1503297028,1503298828,2017-08-21 06:30:28,0,7.995014,7.419536,1.887401,0.507967,0.028065,0.052968,3.254053,3.771601,0.32609,0.230972,0.79691,-0.965621,0.287983,2.746339,0.933339,0.003964,0.02686,4.361159,0.798611,7.810094,0.002,14438.3
195,111.071,1503298828,1503300628,2017-08-21 07:00:28,0,7.351191,6.766685,1.770896,0.746497,0.030651,0.057077,2.634845,3.295093,0.263363,0.363333,0.598668,-1.149275,-0.17229,0.29314,-0.083712,0.003417,0.023685,4.278925,0.839722,6.487001,0.002,14424.5
196,111.623,1503300628,1503302428,2017-08-21 07:30:28,0,12.111976,11.451331,2.078562,0.669985,0.043694,0.071446,4.557286,5.137189,0.454805,0.112639,0.580744,-3.082844,-0.529956,2.42684,-0.240495,0.004403,0.034161,4.340928,0.6225,9.174706,0.001999,14157.9
197,112.169,1503302428,1503304228,2017-08-21 08:00:28,0,5.021062,4.491438,1.664367,0.636798,0.018313,0.035127,2.281647,2.844282,0.228149,0.371667,0.652506,-0.364804,-0.010291,0.560578,-0.305929,0.002798,0.025561,3.871126,0.808333,6.085174,0.001999,14365.8
198,112.714,1503304228,1503306028,2017-08-21 08:30:28,0,2.567499,2.118381,1.39941,0.542495,0.018671,0.033444,1.626113,2.058637,0.162691,0.398889,0.803153,-0.888569,0.2889,1.530044,0.412453,0.002498,0.023842,3.78434,0.955139,5.093222,0.001998,14366.5
199,113.266,1503306028,1503307828,2017-08-21 09:00:28,0,7.647659,7.078275,1.784238,0.729673,0.014091,0.027093,2.644558,3.374037,0.263781,0.36125,0.564898,-1.389054,-0.001076,0.639935,-2.014227,0.001885,0.023254,3.838954,0.745833,7.948306,0.001997,14182.6
200,113.827,1503307828,1503309628,2017-08-21 09:30:28,0,8.304364,7.697985,2.014938,0.579252,0.015299,0.032889,3.436711,3.941709,0.342758,0.165417,0.803011,-7.192639,0.213937,2.991155,-3.140027,0.003445,0.026663,3.753322,0.612917,12.135894,0.001996,13942.6
201,114.373,1503309628,1503311428,2017-08-21 10:00:28,0,1.884315,1.477904,1.252705,0.52286,0.013546,0.033391,1.216475,1.577594,0.121629,0.479861,0.73477,0.203207,0.28965,0.905963,0.052416,0.002901,0.025048,3.318479,0.948472,3.148723,0.001995,14381.5
202,114.916,1503311428,1503313228,2017-08-21 10:30:28,0,4.359294,3.850921,1.557682,0.726576,0.009465,0.02144,2.226725,2.552241,0.222358,0.185833,0.422644,-1.716356,-0.165777,-0.008396,-1.977939,0.002025,0.02213,3.383684,0.786806,8.70133,0.001994,14407.4
203,115.476,1503313228,1503315028,2017-08-21 11:00:28,0,10.480417,9.859543,2.029924,0.650964,0.014639,0.034831,2.899088,3.794299,0.291214,0.482778,0.60431,-0.168794,0.209667,-0.65019,1.938977,0.003554,0.029406,3.437842,0.785972,9.615037,0.001993,13951.2
204,116.04,1503315028,1503316828,2017-08-21 11:30:28,0,15.333907,14.524433,2.847823,0.557403,0.013168,0.030037,4.87795,5.507221,0.490539,0.389722,0.769603,-5.068229,0.134242,3.197175,4.660505,0.002654,0.025958,3.71967,0.566111,11.80134,0.001991,13848.9
205,116.6,1503316828,1503318628,2017-08-21 12:00:28,0,3.47112,3.007339,1.475793,0.525258,0.01522,0.034558,1.826872,2.251203,0.18286,0.393194,0.8815,-0.141465,0.326435,1.866474,0.892304,0.002249,0.028424,3.979253,0.905417,5.255644,0.00199,13931.7
206,117.151,1503318628,1503320428,2017-08-21 12:30:28,0,3.295933,2.818035,1.483217,0.563881,0.022914,0.043811,1.895929,2.213683,0.189852,0.365417,0.664031,-0.669133,0.050593,0.965146,1.57484,0.004415,0.02863,4.072745,0.935833,8.97324,0.001988,14175.0
207,117.78,1503320428,1503322228,2017-08-21 13:00:28,0,5.34991,4.864942,1.486719,0.632948,0.018776,0.035407,2.293516,2.944582,0.229761,0.390833,0.694206,-0.575057,-0.185737,1.040907,1.147128,0.003182,0.028353,3.673984,0.769306,6.911931,0.001986,12322.3
208,118.407,1503322228,1503324028,2017-08-21 13:30:28,0,9.971437,9.373152,1.948339,0.576411,0.025329,0.047707,3.148838,3.764084,0.316286,0.384583,0.772036,-0.449274,0.392598,1.31371,1.423317,0.003912,0.029838,3.643058,0.737083,4.870509,0.001984,12622.3
209,118.957,1503324028,1503325828,2017-08-21 14:00:28,0,15.794727,15.017269,2.66783,0.608325,0.01915,0.03881,4.771138,5.566445,0.477951,0.330972,0.701858,-1.331195,0.020569,2.535082,-0.14365,0.002747,0.024841,3.568066,0.625556,7.284597,0.001982,14177.4
210,119.497,1503325828,1503327628,2017-08-21 14:30:28,0,18.816332,17.796417,3.621539,0.632096,0.018615,0.042733,6.358089,7.0031,0.632801,0.179028,0.620992,-2.107073,-0.00637,4.110876,-4.440601,0.002806,0.028967,3.67088,0.3925,12.138153,0.001979,14529.1
211,120.037,1503327628,1503329428,2017-08-21 15:00:28,0,9.612158,8.947577,2.149361,0.678188,0.025761,0.050271,3.329992,4.290098,0.332842,0.263194,0.589482,-1.80089,0.071265,0.557227,-0.195832,0.004306,0.030379,3.394576,0.63125,8.227928,0.001977,14516.9
212,120.576,1503329428,1503331228,2017-08-21 15:30:28,0,7.181869,6.699554,1.537029,0.51959,0.019548,0.04195,2.641324,3.375401,0.263306,0.359583,0.831099,-1.099117,0.335542,2.503376,-1.889753,0.003847,0.037148,3.414423,0.794444,10.605725,0.001974,14535.2
213,121.12,1503331228,1503333028,2017-08-21 16:00:28,0,6.362729,5.848908,1.555034,0.652495,0.028,0.051937,2.473563,2.971679,0.24791,0.343472,0.671207,-0.76935,-0.532197,1.118246,1.57855,0.002816,0.021242,3.267495,0.750278,7.901933,0.001972,14361.3
214,121.686,1503333028,1503334828,2017-08-21 16:30:28,0,9.982679,9.408154,1.815702,0.672012,0.019878,0.039358,3.387091,3.769984,0.337547,0.353056,0.66065,-0.739845,0.325443,-0.017876,-1.974443,0.003404,0.029297,3.490503,0.750972,9.100669,0.001969,13761.0
215,122.251,1503334828,1503336628,2017-08-21 17:00:28,0,7.726676,7.118416,1.985412,0.621371,0.016746,0.043271,3.223609,3.80497,0.322767,0.210694,0.619175,-3.057782,0.000838,0.856927,0.83396,0.002184,0.029169,3.239527,0.692361,8.623711,0.001966,13795.6
216,122.801,1503336628,1503338428,2017-08-21 17:30:28,0,6.163411,5.6325,1.569494,0.719361,0.031475,0.058738,2.814525,3.245699,0.281102,0.242361,0.587896,-2.605014,0.172459,0.501161,-0.778605,0.003937,0.026213,3.69017,0.815833,5.191888,0.001962,14214.7
217,123.385,1503338428,1503340228,2017-08-21 18:00:28,0,5.663475,5.134927,1.676938,0.519124,0.030983,0.06428,2.539764,3.207455,0.25437,0.264167,0.654505,-0.123145,0.046071,1.362649,0.997115,0.002994,0.026051,3.991252,0.798889,7.479686,0.001959,13347.5
218,123.944,1503340228,1503342028,2017-08-21 18:30:28,0,10.214185,9.589116,1.987973,0.660655,0.028589,0.059119,3.553981,4.344101,0.35641,0.155139,0.707705,-4.517833,0.336144,2.687137,1.194161,0.005147,0.031699,4.338255,0.809028,7.220621,0.001956,13953.2
219,124.48,1503342028,1503343828,2017-08-21 19:00:28,0,13.381565,12.788843,1.849356,0.630631,0.03821,0.064309,3.459988,4.533991,0.345908,0.428194,0.686048,-0.132259,0.181876,2.09759,0.196913,0.006174,0.029086,4.024142,0.777361,4.515026,0.001952,14601.0
220,125.022,1503343828,1503345628,2017-08-21 19:30:28,0,12.467113,11.839483,1.916748,0.796612,0.028227,0.060079,3.580924,4.676209,0.357259,0.217917,0.57532,-2.217126,-0.075175,1.302318,0.139136,0.004213,0.031956,4.432817,0.755694,9.969234,0.001948,14405.4
221,125.575,1503345628,1503347428,2017-08-21 20:00:28,0,3.721991,3.202792,1.490634,0.749718,0.034322,0.067448,1.895574,2.298268,0.189634,0.287361,0.378077,-2.751916,-1.234403,-0.116544,0.491244,0.005449,0.027798,3.790773,0.82375,8.07672,0.001944,14119.7
222,126.127,1503347428,1503349228,2017-08-21 20:30:28,0,3.873062,3.384161,1.514078,0.531783,0.029278,0.065235,1.769025,2.099793,0.176795,0.343194,0.706128,-0.400769,0.109602,1.131105,-0.354915,0.004295,0.027937,3.912397,0.860417,6.861195,0.00194,14132.0
223,126.666,1503349228,1503351028,2017-08-21 21:00:28,0,4.432151,3.856861,1.762307,0.653278,0.038033,0.069508,2.049233,2.382109,0.205194,0.288056,0.725009,-3.643546,0.08306,1.147246,1.489925,0.004813,0.03044,4.068202,0.719167,8.583053,0.001936,14511.8
224,127.223,1503351028,1503352828,2017-08-21 21:30:28,0,8.285231,7.671844,2.011312,0.527569,0.031681,0.062074,3.092493,3.727279,0.308941,0.278472,0.743519,-5.472294,0.186415,1.49282,-0.193044,0.0049,0.034763,4.025962,0.743611,7.370344,0.001932,14029.8
225,127.801,1503352828,1503354628,2017-08-21 22:00:28,0,4.043874,3.558437,1.46845,0.588069,0.03057,0.058864,1.987285,2.312579,0.198896,0.397083,0.642941,0.14762,0.213501,0.984002,0.427717,0.006552,0.030519,4.174607,0.914167,5.720692,0.001928,13491.4
226,128.463,1503354628,1503356428,2017-08-21 22:30:28,0,3.129058,2.640144,1.449803,0.616291,0.036978,0.059164,1.621749,2.030304,0.162135,0.4125,0.638822,-2.291894,-0.129321,0.459315,-0.072889,0.005781,0.034352,4.186726,0.905972,6.103875,0.001923,11641.3
227,129.106,1503356428,1503358228,2017-08-21 23:00:28,0,3.240477,2.720737,1.612262,0.575462,0.030778,0.059441,1.50462,1.938263,0.150514,0.477083,0.77795,-0.606487,0.23605,0.969446,-0.109196,0.005442,0.030052,4.775271,0.938194,6.970333,0.001918,12015.2
228,129.703,1503358228,1503360028,2017-08-21 23:30:28,0,5.184727,4.657013,1.650744,0.572526,0.028619,0.059891,2.338816,2.553404,0.234348,0.329722,0.76715,-1.807854,0.301474,1.763977,1.985382,0.00415,0.027144,4.426841,0.877083,9.234394,0.001914,13134.7
229,130.384,1503360028,1503361828,2017-08-22 00:00:28,0,4.616701,4.138803,1.47279,0.547045,0.028067,0.054019,1.934565,2.336898,0.193828,0.526389,0.69688,0.190657,0.279231,0.556517,0.710605,0.00469,0.031019,4.317858,0.855417,4.911976,0.001909,11539.3
230,130.926,1503361828,1503363628,2017-08-22 00:30:28,0,23.187771,22.265352,3.117213,0.739973,0.033439,0.060281,6.991411,7.700614,0.705097,0.056528,0.707585,-11.500166,0.20972,0.508739,5.884751,0.00239,0.021817,4.436328,0.489722,14.147835,0.001904,14438.1
231,131.471,1503363628,1503365428,2017-08-22 01:00:28,0,37.366783,35.888638,5.383582,0.726569,0.023611,0.045497,7.076217,8.576643,0.72007,0.584167,0.589817,-0.661067,-0.012149,1.696461,6.730035,0.003171,0.031757,3.677768,0.755139,14.558257,0.001899,14370.4
232,132.014,1503365428,1503367228,2017-08-22 01:30:28,0,36.520206,34.914444,5.908403,0.730112,0.019815,0.036282,8.493401,9.550239,0.861661,0.274167,0.741386,-1.609158,0.196882,-2.963243,7.153613,0.002501,0.024214,3.608138,0.613056,13.828035,0.001893,14404.4
233,132.552,1503367228,1503369028,2017-08-22 02:00:28,0,23.704075,22.462856,4.452314,0.713449,0.021477,0.041176,6.9915,8.028131,0.696518,0.184583,0.6815,-8.349953,0.040977,4.22036,-1.014183,0.002529,0.020392,3.585713,0.414444,9.339613,0.001888,14599.0
234,133.086,1503369028,1503370828,2017-08-22 02:30:28,0,18.348499,17.690239,2.165317,0.673337,0.015042,0.034534,5.153721,5.920673,0.511913,0.275972,0.525593,-0.439831,0.127571,0.668216,-3.682328,0.002196,0.023415,3.500493,0.608611,9.65249,0.001882,14708.5
235,133.631,1503370828,1503372628,2017-08-22 03:00:28,0,5.566818,5.091343,1.467549,0.605335,0.018879,0.032299,2.299874,2.858299,0.229544,0.332361,0.645259,-0.061075,0.121109,0.687201,-0.898314,0.002626,0.021441,3.442358,0.783056,7.255986,0.001877,14421.7
236,134.168,1503372628,1503374428,2017-08-22 03:30:28,0,5.621101,5.089944,1.661064,0.683771,0.013647,0.025688,2.681077,3.090339,0.267742,0.175694,0.244262,-1.257813,-0.14593,-0.899493,-1.174591,0.001832,0.014739,3.563217,0.724028,3.562399,0.001871,14568.8
237,134.716,1503374428,1503376228,2017-08-22 04:00:28,0,32.879215,31.195702,6.2885,0.618415,0.019539,0.034523,8.112786,9.052395,0.82166,0.295139,0.569524,-1.922934,0.009783,6.570367,5.715936,0.001673,0.015927,3.413663,0.537083,11.315457,0.001865,14258.1
238,135.404,1503376228,1503378028,2017-08-22 04:30:28,0,31.081295,29.945303,4.067695,0.679621,0.017416,0.033367,7.345191,8.634465,0.743964,0.252083,0.624742,-1.641285,0.127815,1.81107,6.460738,0.001189,0.013989,3.704401,0.520417,9.564136,0.001859,11255.5
239,136.062,1503378028,1503379828,2017-08-22 05:00:28,0,56.090897,54.566204,5.656196,0.647722,0.013248,0.0277,13.160521,14.481502,1.340584,0.247639,0.802005,-3.407572,0.166595,3.803766,9.686643,0.001086,0.01539,4.528143,0.48375,11.71763,0.001853,11743.0
240,136.613,1503379828,1503381628,2017-08-22 05:30:28,0,60.202316,58.914001,4.742501,0.597426,0.01196,0.029496,13.942415,15.348665,1.397963,0.259167,0.802556,-4.47951,0.098571,12.943222,2.066552,0.000559,0.014055,6.968647,0.548056,18.88435,0.001846,14261.6
241,137.198,1503381628,1503383428,2017-08-22 06:00:28,0,77.721062,77.034187,2.314452,0.587722,0.020076,0.040268,14.527313,18.166786,1.397495,0.358333,0.526679,-0.358282,-0.034306,-10.914767,-11.877496,0.000239,0.012675,7.655838,0.734444,13.250068,0.00184,13335.9
242,137.746,1503383428,1503385228,2017-08-22 06:30:28,0,46.512318,45.513748,3.493362,0.7357,0.013512,0.033834,10.558943,12.569849,1.034983,0.199583,0.148253,-1.707594,-0.037344,-9.980242,-7.624879,0.000559,0.011349,6.344015,0.544306,15.955929,0.001833,14708.4
243,138.293,1503385228,1503387028,2017-08-22 07:00:28,0,16.340651,15.711761,2.067416,0.630155,0.017302,0.035654,5.059486,5.873483,0.508996,0.259306,0.722602,-1.248727,0.04728,4.392893,3.843219,0.000507,0.012351,5.082692,0.668056,9.982463,0.001827,14281.4
244,138.823,1503387028,1503388828,2017-08-22 07:30:28,0,9.372741,8.749119,1.93664,0.630574,0.051959,0.068498,3.830081,4.341437,0.38215,0.180833,0.70824,-6.42163,-0.017157,0.86735,-1.507805,0.001071,0.012928,5.548454,0.717639,6.284138,0.00182,14821.6
245,139.358,1503388828,1503390628,2017-08-22 08:00:28,0,4.881819,4.241525,1.919555,0.562434,0.088019,0.116146,2.376202,2.98218,0.237127,0.374861,0.663742,-0.707035,0.035792,0.001256,-1.046972,0.000302,0.011637,8.188235,0.937361,5.988297,0.001813,14648.1
246,139.948,1503390628,1503392428,2017-08-22 08:30:28,0,4.576072,3.951217,1.915452,0.601683,0.064657,0.084725,2.272114,2.775723,0.2272,0.347639,0.453568,-0.939326,-0.136903,-0.027269,-0.867796,0.000267,0.009369,7.870191,0.910694,3.668283,0.001806,13179.1
247,140.489,1503392428,1503394228,2017-08-22 09:00:28,0,16.418903,15.753021,2.049411,0.766515,0.041137,0.069349,4.55569,5.368344,0.452567,0.269167,0.54297,-1.689856,0.004033,-2.689235,-3.294387,0.000232,0.01182,8.30469,0.849583,9.937318,0.001799,14580.3
248,141.05,1503394228,1503396028,2017-08-22 09:30:28,0,20.678009,19.782637,2.92371,0.688585,0.068453,0.100415,7.245199,8.113959,0.720439,0.075972,0.283173,-9.103183,-0.093709,-3.2391,-3.737129,0.000298,0.009249,11.260579,0.597222,14.157869,0.001792,13893.1
249,141.619,1503396028,1503397828,2017-08-22 10:00:28,0,11.205425,10.399964,2.461614,0.73645,0.089093,0.130667,3.520031,4.367676,0.35291,0.226389,0.350477,-0.289675,-0.00562,0.6928,1.139566,0.000431,0.00946,12.284107,0.882361,8.409522,0.001784,13784.6
250,142.226,1503397828,1503399628,2017-08-22 10:30:28,0,5.960114,5.2663,2.110694,0.580266,0.090513,0.123964,2.853077,3.367374,0.285064,0.276667,0.572901,-0.385449,0.074905,0.142419,-0.352031,0.000486,0.010397,11.77242,0.994306,5.519242,0.001777,12806.2
251,142.915,1503399628,1503401428,2017-08-22 11:00:28,0,6.360367,5.617853,2.382774,0.616945,0.059235,0.093689,2.514442,3.168676,0.251596,0.407083,0.563672,-0.523942,-0.023533,0.50493,0.62082,0.000388,0.008862,12.825604,0.887639,5.009192,0.001769,11226.7
252,143.507,1503401428,1503403228,2017-08-22 11:30:28,0,4.423466,3.732347,2.169947,0.588664,0.065558,0.10499,2.514675,3.003667,0.251317,0.268472,0.587929,-3.901557,0.069734,0.125399,-0.331584,0.000501,0.00969,13.733242,0.948056,6.965724,0.001762,13249.1
253,144.06,1503403228,1503405028,2017-08-22 12:00:28,0,9.266637,8.396958,2.823542,0.737221,0.056506,0.096533,3.529172,4.15554,0.353062,0.142361,0.49665,-1.675245,-0.075878,0.789879,0.628667,0.000315,0.008901,14.526772,0.813889,10.504142,0.001754,14382.7
254,144.598,1503405028,1503406828,2017-08-22 12:30:28,0,14.022517,13.313313,2.247423,0.589581,0.063173,0.105042,5.506086,6.096059,0.54773,0.226667,0.430471,-2.6784,0.00566,-2.62128,-3.633152,0.000621,0.011095,15.199566,0.914861,13.266975,0.001746,14562.5
255,145.157,1503406828,1503408628,2017-08-22 13:00:28,0,8.295867,7.601181,2.118635,0.6871,0.066689,0.109738,2.575246,3.202971,0.257908,0.386111,0.598368,-0.046592,0.011978,1.087389,0.516329,0.000397,0.009399,14.228082,0.944167,6.872382,0.001738,13981.5
256,145.697,1503408628,1503410428,2017-08-22 13:30:28,0,7.251274,6.624806,1.954174,0.687522,0.034653,0.070019,2.764038,3.230687,0.276632,0.275278,0.638642,-2.29206,0.130763,0.939635,0.514122,0.000598,0.009344,11.782699,0.9275,9.132277,0.00173,14486.2
257,146.27,1503410428,1503412228,2017-08-22 14:00:28,0,13.145126,12.439334,2.210911,0.722347,0.047996,0.079577,4.314738,4.97746,0.432526,0.11875,0.566421,-1.758394,0.013404,2.471487,0.451152,0.000451,0.009742,13.092822,0.701944,10.304313,0.001722,13579.6
258,146.856,1503412228,1503414028,2017-08-22 14:30:28,0,15.265026,14.527162,2.410841,0.629909,0.041434,0.079042,4.907699,6.080909,0.492245,0.164167,0.817809,-1.697371,0.044114,4.174457,0.363945,0.000669,0.010566,13.96655,0.757361,12.971146,0.001713,13319.0
259,147.402,1503414028,1503415828,2017-08-22 15:00:28,0,15.509695,14.764626,2.390392,0.710575,0.042769,0.076116,5.545768,6.202753,0.552288,0.170694,0.476811,-2.956929,0.01007,-1.667806,-1.784987,0.000547,0.010164,12.850527,0.787917,9.864311,0.001705,14394.8
260,147.935,1503415828,1503417628,2017-08-22 15:30:28,0,7.341838,6.602937,2.339586,0.650191,0.062496,0.094889,3.139002,3.785224,0.313539,0.280694,0.600305,-1.10677,0.011962,-0.132798,-0.798751,0.000448,0.010647,16.77263,0.911389,5.671196,0.001697,14689.4
261,148.471,1503417628,1503419428,2017-08-22 16:00:28,0,5.420564,4.776534,2.030113,0.531552,0.062522,0.09628,2.805031,3.608891,0.279993,0.357083,0.528669,-1.066376,-0.086381,-0.481651,-1.512545,0.000574,0.009328,13.507972,0.955139,7.755266,0.001688,14579.6
262,149.005,1503419428,1503421228,2017-08-22 16:30:28,0,6.983278,6.343438,2.060649,0.542367,0.04383,0.085124,2.99069,3.831645,0.298085,0.411389,0.593848,-0.508294,0.046,-0.701826,-1.149837,0.000437,0.009432,13.250586,0.92625,10.383269,0.001679,14639.2
263,149.559,1503421228,1503423028,2017-08-22 17:00:28,0,13.761148,13.107247,2.024613,0.613558,0.062223,0.091908,4.148129,5.008696,0.412172,0.232778,0.566502,-1.007554,0.125568,-1.888754,-2.253236,0.000585,0.010711,10.749271,0.940278,12.264827,0.001671,14095.9
264,150.102,1503423028,1503424828,2017-08-22 17:30:28,0,10.146317,9.494414,2.06705,0.599045,0.049294,0.078534,3.62183,4.47583,0.361109,0.279167,0.699329,-1.199741,0.166333,0.38885,-0.263953,0.000735,0.009565,12.269473,0.889167,7.305775,0.001662,14394.5
265,150.647,1503424828,1503426628,2017-08-22 18:00:28,0,11.983887,11.333227,2.033254,0.622814,0.054076,0.082393,4.166863,5.072674,0.414582,0.250278,0.42351,-0.943515,0.0078,-1.539805,-1.897254,0.000819,0.010527,11.653138,0.86625,9.652334,0.001653,14346.6
266,151.184,1503426628,1503428428,2017-08-22 18:30:28,0,50.699619,46.005646,18.194424,0.656644,0.049597,0.085565,13.203947,15.649424,1.334016,0.062778,0.299919,-5.531806,-0.121797,0.091357,3.186906,0.000621,0.010193,12.234805,0.682917,44.736282,0.001644,14619.0
267,151.731,1503428428,1503430228,2017-08-22 19:00:28,0,36.363075,35.343567,3.348205,0.824883,0.06202,0.10755,7.964024,9.926545,0.807915,0.198194,0.597316,-1.62498,-0.13638,6.51591,5.65084,0.000858,0.015132,15.906047,0.867917,14.817639,0.001634,14296.5
268,152.282,1503430228,1503432028,2017-08-22 19:30:28,0,14.213498,13.364831,2.766833,0.775513,0.03966,0.084176,4.825604,5.576185,0.484305,0.195694,0.519693,-2.106431,-0.21389,0.364245,3.887394,0.000489,0.010554,11.306554,0.747639,12.44873,0.001625,14226.4
269,152.821,1503432028,1503433828,2017-08-22 20:00:28,0,9.872097,9.180569,2.19826,0.597427,0.053935,0.099941,3.555785,4.183975,0.356449,0.337083,0.799303,-0.049567,0.278117,2.36786,1.333483,0.000932,0.01098,12.221651,0.907778,7.195039,0.001616,14567.2
270,153.377,1503433828,1503435628,2017-08-22 20:30:28,0,10.888083,10.223822,2.007313,0.657896,0.071898,0.103051,3.491039,4.279629,0.349506,0.278611,0.635394,-1.275198,0.081256,1.186115,0.101733,0.001146,0.011731,12.921568,0.919861,5.304435,0.001607,14070.7
271,153.92,1503435628,1503437428,2017-08-22 21:00:28,0,10.564501,9.877329,2.136731,0.544952,0.079899,0.116532,3.696084,4.545833,0.370876,0.30125,0.718417,-0.871337,0.162108,2.827344,2.33131,0.000909,0.011103,14.388257,0.968889,12.587665,0.001597,14441.1
272,154.473,1503437428,1503439228,2017-08-22 21:30:28,0,6.334785,5.744394,1.838436,0.648214,0.032716,0.069597,1.829744,2.624312,0.183049,0.449444,0.635991,-0.534215,-0.178361,0.815331,0.004418,0.001115,0.015124,8.871953,0.98125,6.328375,0.001587,14165.9
273,155.038,1503439228,1503441028,2017-08-22 22:00:28,0,11.793698,11.079959,2.301526,0.621307,0.048401,0.080606,4.336502,5.445295,0.432155,0.310278,0.469971,-0.674544,-0.121858,-1.08912,-2.447241,0.001273,0.015788,11.2959,0.829861,17.14743,0.001578,13818.4
274,155.591,1503441028,1503442828,2017-08-22 22:30:28,0,9.170982,8.398028,2.447821,0.597831,0.082085,0.110365,4.642203,5.35806,0.4628,0.116389,0.433947,-0.981051,-0.004648,-0.274535,-3.570394,0.000825,0.015615,14.791904,0.751389,13.853939,0.001568,14210.1
275,156.138,1503442828,1503444628,2017-08-22 23:00:28,0,9.596675,8.937166,1.979396,0.708499,0.057839,0.118406,2.217301,2.703546,0.22216,0.508056,0.927119,0.040886,0.417399,2.245223,0.667376,0.000682,0.013818,15.107913,0.99875,15.04824,0.001558,14303.8
276,156.73,1503444628,1503446428,2017-08-22 23:30:28,0,11.66117,11.054888,1.756447,0.729828,0.065386,0.092327,3.432953,4.116679,0.341588,0.411389,0.563938,-0.535066,0.01746,-1.347298,-2.246321,0.00062,0.014314,8.608229,0.942778,12.283704,0.001548,13131.8
277,157.317,1503446428,1503448228,2017-08-23 00:00:28,0,7.741785,7.023111,2.242555,0.656438,0.064674,0.103825,3.961112,4.696034,0.394728,0.117639,0.390502,-3.209724,-0.309872,-0.713526,-3.731471,0.000753,0.014182,13.481852,0.638333,14.082878,0.001538,13244.1
278,157.876,1503448228,1503450028,2017-08-23 00:30:28,0,5.978519,5.295606,2.128715,0.575556,0.069165,0.114512,2.736802,3.292851,0.273077,0.365833,0.601601,-1.648371,0.10804,-0.08129,-1.828192,0.000843,0.017816,11.218567,0.832639,6.213743,0.001528,14002.8
279,158.479,1503450028,1503451828,2017-08-23 01:00:28,0,5.110145,4.463481,1.973495,0.612831,0.064937,0.112014,2.560223,3.172249,0.255647,0.326806,0.38747,-0.928234,-0.251933,-0.481608,-1.220187,0.001637,0.015146,9.691689,0.884861,7.887137,0.001518,12881.6
280,159.072,1503451828,1503453628,2017-08-23 01:30:28,0,6.981668,6.271349,2.171784,0.584144,0.090305,0.127837,3.58483,3.938565,0.357691,0.232917,0.523583,-5.079976,0.103403,-0.553133,-0.74417,0.001496,0.017215,12.389899,0.860694,15.177292,0.001508,13133.3
281,159.667,1503453628,1503455428,2017-08-23 02:00:28,0,5.040453,4.369982,2.154237,0.556749,0.045741,0.104778,3.840613,4.083983,0.383077,0.110972,0.561972,-5.635162,0.092408,-0.8943,-1.625778,0.001423,0.013371,15.359252,0.835,14.152637,0.001498,13064.9
282,160.214,1503455428,1503457228,2017-08-23 02:30:28,0,13.417134,12.704418,2.151077,0.863462,0.042358,0.100066,2.967935,3.637167,0.297525,0.342222,0.688784,-1.018468,-0.110007,1.829934,1.532523,0.001632,0.012966,14.370337,0.829306,16.323416,0.001488,14300.2
283,160.82,1503457228,1503459028,2017-08-23 03:00:28,0,6.059402,5.460208,1.85958,0.593554,0.04715,0.08488,2.978902,3.573292,0.29756,0.254306,0.566959,-0.288027,0.113578,0.769154,-1.129459,0.002176,0.019049,8.179766,0.87,7.152727,0.001477,12790.6
284,161.416,1503459028,1503460828,2017-08-23 03:30:28,0,5.649546,4.947872,2.188807,0.515066,0.077209,0.154434,2.798648,3.302175,0.279868,0.256667,0.747953,-2.765529,0.282133,1.456659,0.365122,0.001282,0.015302,13.323977,0.911944,9.930422,0.001467,13153.1
285,161.975,1503460828,1503462628,2017-08-23 04:00:28,0,5.379699,4.764972,1.857449,0.635444,0.057506,0.102718,2.350719,2.790491,0.235063,0.2325,0.578744,-0.173209,0.160446,0.82293,-0.356504,0.001243,0.016791,9.652564,0.845417,7.367536,0.001456,14072.3
286,162.658,1503462628,1503464428,2017-08-23 04:30:28,0,5.413223,4.723994,2.138108,0.515802,0.079572,0.147948,3.286249,3.744261,0.328557,0.130694,0.68018,-0.659371,0.221166,1.371294,-0.103089,0.001733,0.017894,12.306344,0.83875,9.797372,0.001446,11272.1
287,163.388,1503464428,1503466228,2017-08-23 05:00:28,0,7.527909,6.766581,2.374496,0.580833,0.08132,0.158936,3.533958,3.982088,0.352772,0.263472,0.63679,-0.780781,0.176995,1.066537,-2.12812,0.001494,0.017242,14.122573,0.845972,8.382623,0.001435,10607.9
288,164.007,1503466228,1503468028,2017-08-23 05:30:28,0,14.86801,13.804845,3.55042,0.61133,0.08748,0.156864,4.810029,5.505848,0.47918,0.272917,0.810302,-1.357373,0.250093,4.616291,-2.817759,0.001694,0.019018,11.761175,0.738056,13.155307,0.001424,12680.3
289,164.641,1503468028,1503469828,2017-08-23 06:00:28,0,14.955865,13.955816,3.367456,0.629728,0.060306,0.137709,5.977653,6.515163,0.595449,0.149861,0.447453,-3.354696,-0.108853,1.141637,-3.00409,0.001791,0.017515,11.923337,0.665,10.881774,0.001414,12279.1
290,165.216,1503469828,1503471628,2017-08-23 06:30:28,0,5.674791,4.94101,2.275923,0.579306,0.078692,0.153445,2.970539,3.688655,0.296359,0.304583,0.565454,-0.828104,0.175998,-0.349814,-1.425632,0.00322,0.021707,11.312769,0.880556,9.811649,0.001403,13684.0
291,165.778,1503471628,1503473428,2017-08-23 07:00:28,0,4.857129,4.198795,1.990845,0.600727,0.068547,0.146926,1.633184,2.047412,0.163239,0.40625,0.701174,-0.551377,-0.509731,1.007555,-0.071309,0.002455,0.020526,13.397444,0.963611,12.049085,0.001392,13909.5
292,166.346,1503473428,1503475228,2017-08-23 07:30:28,0,9.03583,8.264281,2.49948,0.606254,0.052219,0.122043,3.698591,4.045608,0.369414,0.242083,0.687999,-3.805892,0.204698,2.085509,-0.551387,0.001592,0.018383,8.463753,0.776806,12.271199,0.001381,13751.6
293,166.909,1503475228,1503477028,2017-08-23 08:00:28,0,8.366142,7.577454,2.411851,0.632436,0.094428,0.171014,2.897891,3.517896,0.290204,0.225972,0.567792,-0.391065,0.042009,-0.077803,1.178352,0.002763,0.021626,12.437052,0.877778,12.88309,0.00137,13869.7
294,167.48,1503477028,1503478828,2017-08-23 08:30:28,0,5.780236,5.11505,2.089733,0.568732,0.057559,0.114537,2.907686,3.439059,0.290349,0.259722,0.626734,-0.213368,0.02206,-0.079277,-1.086958,0.002806,0.025476,11.570886,0.919444,7.550481,0.001359,13700.1
295,168.024,1503478828,1503480628,2017-08-23 09:00:28,0,24.59996,23.811874,2.478901,0.63597,0.071631,0.149938,7.83098,8.445412,0.775941,0.185694,0.409362,-2.94388,-0.093622,-5.351309,-3.971227,0.00332,0.021061,10.567914,0.608611,17.764709,0.001348,14455.6
296,168.563,1503480628,1503482428,2017-08-23 09:30:28,0,7.299088,6.70947,1.757896,0.550204,0.069414,0.129823,2.984538,3.966298,0.297027,0.372639,0.51054,-0.007223,0.14196,-0.636246,-1.667431,0.003681,0.023037,10.104412,0.980694,6.895912,0.001337,14622.5
297,169.101,1503482428,1503484228,2017-08-23 10:00:28,0,4.954268,4.317889,1.959384,0.630601,0.051943,0.103887,2.794039,3.175341,0.279418,0.302917,0.413595,-1.361299,0.01551,-1.034841,0.584959,0.003346,0.01959,8.054435,0.821528,10.107677,0.001326,14600.9
298,169.657,1503484228,1503486028,2017-08-23 10:30:28,0,7.723757,7.094135,1.926582,0.686532,0.041763,0.099694,2.390863,2.809508,0.239075,0.348889,0.616594,-0.439556,0.152216,0.303944,-0.384551,0.002763,0.021598,8.648939,0.879167,12.955461,0.001315,14101.5
299,170.194,1503486028,1503487828,2017-08-23 11:00:28,0,4.593097,3.984489,1.816052,0.625525,0.061247,0.120093,2.274336,2.672607,0.227599,0.387639,0.694427,-0.859011,0.244341,1.158743,0.696173,0.003982,0.021843,6.823515,0.898056,7.447449,0.001303,14607.6
300,170.726,1503487828,1503489628,2017-08-23 11:30:28,0,3.771573,3.203866,1.608879,0.618304,0.078215,0.129066,2.149734,2.502903,0.214777,0.359167,0.60851,-0.94328,-0.392263,0.473018,-0.151232,0.003296,0.025941,6.716038,0.97,7.243621,0.001292,14698.6
301,171.262,1503489628,1503491428,2017-08-23 12:00:28,0,4.747234,4.14506,1.80732,0.584595,0.067039,0.11216,2.830448,3.335066,0.282688,0.243889,0.612331,-1.305044,-0.096521,1.078435,-0.50054,0.002028,0.021915,7.521209,0.869722,9.916133,0.001281,14613.8
302,171.794,1503491428,1503493228,2017-08-23 12:30:28,0,7.924211,7.307518,1.790345,0.712131,0.062919,0.122679,2.592198,3.071938,0.259803,0.283333,0.637543,-0.958444,0.244613,0.885847,1.453577,0.00275,0.023255,7.173746,0.940556,12.938384,0.00127,14710.4
303,172.328,1503493228,1503495028,2017-08-23 13:00:28,0,8.002931,7.30282,2.195413,0.585848,0.071288,0.103037,3.233882,3.879226,0.323021,0.267222,0.699379,-1.009865,0.170177,1.301645,-1.342642,0.003309,0.022779,4.987232,0.705556,7.646859,0.001258,14631.9
304,172.861,1503495028,1503496828,2017-08-23 13:30:28,0,6.219042,5.616352,1.746042,0.522363,0.092773,0.160806,2.759329,3.300975,0.276241,0.285556,0.850387,-0.631152,0.389007,2.809242,0.233389,0.003462,0.026673,6.124852,0.927639,10.3518,0.001247,14682.8
305,173.401,1503496828,1503498628,2017-08-23 14:00:28,0,5.188241,4.605539,1.6688,0.678276,0.06726,0.117026,2.347286,2.810204,0.234687,0.268056,0.611095,-1.448178,-0.043726,0.661424,0.339175,0.003861,0.026224,5.198516,0.858056,5.72993,0.001235,14483.2
306,173.999,1503498628,1503500428,2017-08-23 14:30:28,0,7.318739,6.654754,1.929572,0.620687,0.101056,0.139279,3.446789,3.816664,0.34489,0.194583,0.516642,-3.810832,0.149094,-0.107508,0.632997,0.003924,0.025626,6.411434,0.655139,7.251028,0.001224,12984.9
307,174.626,1503500428,1503502228,2017-08-23 15:00:28,0,5.24089,4.702778,1.53782,0.550778,0.07323,0.135509,2.315049,2.732451,0.231981,0.437361,0.729741,-0.064519,0.303635,1.767945,1.171808,0.004133,0.027462,5.377741,0.92625,6.162899,0.001212,12361.1
308,175.2,1503502228,1503504028,2017-08-23 15:30:28,0,9.207079,8.644606,1.613988,0.606373,0.075475,0.113676,3.054254,3.526086,0.304252,0.4775,0.712572,-0.581165,-0.011647,1.48896,-1.686816,0.004242,0.021701,5.761823,0.884028,12.098558,0.001201,13634.1
309,175.826,1503504028,1503505828,2017-08-23 16:00:28,0,3.617609,3.076324,1.536537,0.642736,0.064743,0.109474,1.923686,2.343058,0.192232,0.36125,0.659974,-1.197961,0.050674,0.83372,-0.060279,0.002956,0.020302,5.81904,0.982778,4.634534,0.001189,12375.5
310,176.386,1503505828,1503507628,2017-08-23 16:30:28,0,4.45172,3.866734,1.587639,0.607508,0.108739,0.158537,2.183654,2.671534,0.21816,0.367917,0.646304,-3.171682,-0.104399,1.306843,-0.197732,0.005026,0.02232,5.429315,0.902361,8.448712,0.001178,14173.0
311,176.932,1503507628,1503509428,2017-08-23 17:00:28,0,12.498811,11.82481,1.925983,0.774723,0.081318,0.137528,4.393207,4.86965,0.441144,0.143889,0.46577,-3.858548,-0.036745,0.966309,4.243296,0.00431,0.026348,5.203382,0.587361,13.814554,0.001166,14265.2
312,177.474,1503509428,1503511228,2017-08-23 17:30:28,0,4.743266,4.195911,1.642034,0.631357,0.040784,0.08836,2.26046,2.747904,0.226042,0.322361,0.529326,-1.403761,-0.56627,0.351191,-0.480769,0.004919,0.036269,4.674615,0.820556,7.770645,0.001155,14452.7
313,178.065,1503511228,1503513028,2017-08-23 18:00:28,0,5.304926,4.731429,1.612141,0.629255,0.087908,0.116643,2.363473,2.782737,0.236741,0.25625,0.651213,-1.248629,0.125362,0.966512,1.326483,0.005664,0.031202,4.980371,0.844444,9.454476,0.001143,13133.7
314,178.618,1503513028,1503514828,2017-08-23 18:30:28,0,6.655946,6.072544,1.671619,0.711161,0.061637,0.109205,2.835799,3.158585,0.284013,0.248472,0.430144,-2.1866,-0.062822,-0.555743,0.498698,0.004636,0.029565,5.054206,0.848333,15.089372,0.001132,14092.0
315,179.163,1503514828,1503516628,2017-08-23 19:00:28,0,3.275682,2.805983,1.364823,0.621814,0.035102,0.070799,1.871427,2.234798,0.187348,0.331111,0.55274,-0.44317,0.013743,0.639691,0.921883,0.003304,0.029148,3.873421,0.949722,4.614836,0.00112,14357.3
316,179.721,1503516628,1503518428,2017-08-23 19:30:28,0,3.133564,2.644153,1.466463,0.474745,0.054074,0.095698,1.9538,2.230309,0.195479,0.303889,0.778754,-0.994278,0.41638,1.880207,0.679315,0.003817,0.027815,4.749359,0.968194,5.737164,0.001108,13988.5
317,180.268,1503518428,1503520228,2017-08-23 20:00:28,0,8.762506,8.137095,1.859217,0.650151,0.067401,0.113216,3.604912,4.262234,0.36123,0.151806,0.44178,-3.731835,-0.151579,-0.737394,0.045688,0.004381,0.02722,4.527043,0.542083,11.208343,0.001097,14275.3
318,180.816,1503520228,1503522028,2017-08-23 20:30:28,0,4.609538,4.073564,1.52502,0.605116,0.069114,0.112417,2.493379,3.001702,0.249651,0.265417,0.575237,-0.788021,0.043755,1.007496,0.611559,0.005854,0.034607,4.265821,0.811111,8.021792,0.001085,14301.6
319,181.375,1503522028,1503523828,2017-08-23 21:00:28,0,8.841317,8.236763,1.752435,0.786807,0.052166,0.085627,3.120888,3.580875,0.311446,0.294722,0.559697,-3.507261,-1.409539,-0.063522,-1.423832,0.005088,0.030291,4.093239,0.665417,11.557965,0.001073,13917.2
320,181.937,1503523828,1503525628,2017-08-23 21:30:28,0,5.325292,4.75296,1.531358,0.69025,0.09279,0.151402,2.320323,2.794099,0.232456,0.390972,0.548271,-2.718139,-0.312469,0.165001,0.362007,0.004792,0.027264,4.475705,0.887639,9.892051,0.001062,13959.5
321,182.475,1503525628,1503527428,2017-08-23 22:00:28,0,3.826658,3.380471,1.337062,0.588157,0.022071,0.052279,1.902397,2.325604,0.190571,0.350139,0.89037,-4.684434,0.319523,1.867264,0.741354,0.003269,0.033709,3.59362,0.961667,6.964951,0.00105,14506.5
322,183.072,1503527428,1503529228,2017-08-23 22:30:28,0,11.876628,11.248525,1.862099,0.779036,0.047976,0.084687,3.414077,3.797991,0.339916,0.285694,0.575286,-2.12149,-0.114021,-0.011639,-3.038041,0.005089,0.025091,3.868808,0.792778,12.364399,0.001038,12977.3
323,183.618,1503529228,1503531028,2017-08-23 23:00:28,0,3.692799,3.195875,1.422251,0.618523,0.051094,0.08963,1.950714,2.340491,0.195045,0.349028,0.563548,-0.507795,-0.173637,0.699632,0.065723,0.00452,0.032311,3.840114,0.910139,4.755692,0.001027,14351.3
324,184.165,1503531028,1503532828,2017-08-23 23:30:28,0,6.495522,5.916613,1.751928,0.672076,0.041143,0.077147,2.763716,3.316612,0.276421,0.202222,0.552573,-3.225493,-0.169341,0.911447,0.339377,0.004409,0.032109,3.844821,0.782917,8.481985,0.001015,14290.0
325,184.727,1503532828,1503534628,2017-08-24 00:00:28,0,3.755211,3.270489,1.40581,0.62668,0.041784,0.07099,1.961124,2.319258,0.195921,0.415694,0.671522,-1.752497,-0.312585,0.756802,-0.829484,0.004191,0.032871,3.972958,0.876389,7.75392,0.001003,13938.3
326,185.291,1503534628,1503536428,2017-08-24 00:30:28,0,2.501805,2.04394,1.2932,0.600553,0.047583,0.079661,1.279595,1.639964,0.127887,0.588889,0.667861,-0.797228,-0.364198,0.720532,-0.140458,0.004677,0.038812,3.767905,0.946528,5.804214,0.000992,13823.3
327,185.92,1503536428,1503538228,2017-08-24 01:00:28,0,3.144208,2.681906,1.310175,0.632517,0.040451,0.078049,1.570951,1.953374,0.156986,0.4625,0.51842,-1.057466,-0.741816,0.170989,-0.536736,0.004109,0.029439,3.524653,0.930556,7.454255,0.00098,12284.5
328,186.486,1503538228,1503540028,2017-08-24 01:30:28,0,9.796243,9.190801,1.801693,0.742343,0.048939,0.071519,3.321137,3.734948,0.330933,0.133472,0.505831,-5.188292,0.065748,0.241192,-3.319309,0.005597,0.027179,3.459942,0.705278,10.598344,0.000968,13792.4
329,187.161,1503540028,1503541828,2017-08-24 02:00:28,0,4.259349,3.797463,1.292081,0.583954,0.053054,0.097206,2.100904,2.503624,0.21014,0.34,0.558583,-1.066981,-0.156104,1.068999,0.226676,0.005369,0.039787,3.454369,0.885278,5.95371,0.000957,11396.7
330,187.737,1503541828,1503543628,2017-08-24 02:30:28,0,4.292081,3.774192,1.549722,0.626314,0.038255,0.06779,1.883517,2.573042,0.188612,0.499306,0.61799,-1.633733,-0.112711,0.793512,1.033434,0.004112,0.032367,3.431232,0.869306,4.712168,0.000945,13522.0
331,188.291,1503543628,1503545428,2017-08-24 03:00:28,0,10.455246,9.823614,2.060186,0.545401,0.035717,0.066728,3.851128,4.3758,0.38646,0.263889,0.598458,-0.979975,0.087725,3.179327,2.698381,0.004886,0.036803,3.66807,0.594583,10.021376,0.000934,14078.8
332,188.841,1503545428,1503547228,2017-08-24 03:30:28,0,6.373156,5.848205,1.519181,0.592561,0.062852,0.092803,2.636082,3.169205,0.263789,0.361667,0.671526,-0.663531,0.069718,1.248416,0.301873,0.006246,0.038892,3.233223,0.722778,5.388958,0.000922,14195.0
333,189.404,1503547228,1503549028,2017-08-24 04:00:28,0,6.724993,6.150502,1.81149,0.513499,0.046947,0.082129,2.81861,3.198,0.281421,0.361944,0.818315,-1.401685,0.373725,2.531509,-1.69042,0.005171,0.033995,3.530337,0.692917,6.875809,0.000911,13836.4
334,189.974,1503549028,1503550828,2017-08-24 04:30:28,0,4.568526,4.004394,1.614796,0.626613,0.074177,0.109676,2.149167,2.638302,0.215284,0.476528,0.573074,-0.492195,0.000185,0.699196,1.168309,0.006357,0.038193,3.298994,0.804167,4.986426,0.000899,13721.7
335,190.537,1503550828,1503552628,2017-08-24 05:00:28,0,4.361742,3.880346,1.35333,0.664326,0.047839,0.073555,1.887808,2.248412,0.188512,0.504167,0.675451,-0.614665,0.264465,0.723011,-0.532479,0.005213,0.03292,3.501174,0.845556,6.394425,0.000888,13867.2
336,191.139,1503552628,1503554428,2017-08-24 05:30:28,0,6.563355,5.994768,1.693703,0.665974,0.050478,0.0749,2.677603,3.342307,0.267342,0.240833,0.34091,-2.753502,-0.448019,-0.145543,-1.292799,0.005056,0.029739,3.410414,0.691389,7.090864,0.000876,12899.6
337,191.747,1503554428,1503556228,2017-08-24 06:00:28,0,2.925538,2.437794,1.412632,0.489122,0.067905,0.102369,1.741787,2.006252,0.174048,0.474444,0.824553,-0.314543,0.514537,2.086797,-0.712039,0.00761,0.041102,3.633766,0.853889,5.061554,0.000865,12735.9
338,192.316,1503556228,1503558028,2017-08-24 06:30:28,0,4.923896,4.374796,1.670883,0.585906,0.048474,0.072043,2.162055,2.572636,0.215925,0.440694,0.600866,-1.391179,-0.214551,1.10265,-0.891994,0.00466,0.033,3.232981,0.757083,4.153387,0.000853,13696.8
339,192.907,1503558028,1503559828,2017-08-24 07:00:28,0,4.928957,4.386101,1.633225,0.52451,0.061713,0.094228,2.109568,2.555994,0.210684,0.474583,0.637721,-1.085876,0.14688,1.672008,-1.239969,0.005816,0.031287,3.29529,0.817083,6.571242,0.000842,13180.9
340,193.501,1503559828,1503561628,2017-08-24 07:30:28,0,6.52058,5.914428,1.872032,0.622417,0.046943,0.08308,2.473345,2.804205,0.247535,0.468194,0.778528,-3.109036,0.302572,1.315414,0.312321,0.005254,0.03164,3.26267,0.730833,8.478459,0.00083,13077.5
341,194.105,1503561628,1503563428,2017-08-24 08:00:28,0,6.732861,6.158042,1.78863,0.581853,0.042518,0.074361,2.626894,3.063531,0.262933,0.418056,0.773521,-1.004034,0.189404,1.651231,0.592115,0.006735,0.033597,3.120873,0.705417,8.698786,0.000819,13049.9
342,194.687,1503563428,1503565228,2017-08-24 08:30:28,0,3.55946,3.087983,1.340639,0.582983,0.052153,0.087895,1.789145,2.014336,0.178672,0.398889,0.594502,-1.785235,-0.648094,1.235189,-1.356283,0.006011,0.035122,3.267156,0.8725,7.49449,0.000808,13444.3
343,195.34,1503565228,1503567028,2017-08-24 09:00:28,0,2.63255,2.200781,1.225125,0.575206,0.04137,0.071928,1.400648,1.753241,0.140005,0.521389,0.621196,-0.7151,-0.001607,0.872004,-0.058488,0.006256,0.032277,2.98986,0.878472,5.741643,0.000797,11816.4
344,195.931,1503567028,1503568828,2017-08-24 09:30:28,0,6.188225,5.690977,1.469914,0.669722,0.03023,0.055867,2.02072,2.337007,0.202557,0.551806,0.688032,-0.82018,0.247491,0.579339,1.546812,0.003202,0.023134,2.945991,0.760972,6.837541,0.000785,13137.7
345,196.563,1503568828,1503570628,2017-08-24 10:00:28,0,4.590775,4.055188,1.444571,0.683903,0.082179,0.11276,2.38413,2.754018,0.238606,0.320694,0.303373,-2.834183,-0.277483,0.280472,0.978216,0.005558,0.024246,3.224872,0.69375,5.211863,0.000774,12521.5
346,197.124,1503570628,1503572428,2017-08-24 10:30:28,0,2.426675,1.954275,1.248163,0.568318,0.089126,0.108182,1.606389,1.92475,0.160693,0.478194,0.645304,-0.255973,0.210202,0.581841,0.368383,0.006787,0.031674,3.335937,0.917222,2.983614,0.000763,13974.0
347,197.755,1503572428,1503574228,2017-08-24 11:00:28,0,4.626112,4.084151,1.517275,0.646301,0.077964,0.094589,2.374824,2.716362,0.237557,0.169028,0.560544,-3.514283,0.046239,0.586607,0.594934,0.006581,0.025249,3.302155,0.716944,6.335986,0.000752,12269.3
348,198.331,1503574228,1503576028,2017-08-24 11:30:28,0,7.005299,6.346642,2.06022,0.54773,0.069911,0.09748,3.158671,3.583035,0.315501,0.164306,0.822204,-3.48157,0.245032,2.914124,-1.911422,0.006856,0.038333,3.289469,0.467917,8.786961,0.000741,13532.2
349,198.943,1503576028,1503577828,2017-08-24 12:00:28,0,3.965381,3.511229,1.35437,0.496004,0.041665,0.080797,2.025559,2.425132,0.202495,0.404167,0.722314,0.362735,0.522937,1.752405,-0.774179,0.006566,0.040482,3.385275,0.870694,5.274104,0.00073,12706.5
350,199.518,1503577828,1503579628,2017-08-24 12:30:28,0,6.568797,6.074582,1.488676,0.602161,0.029521,0.070043,2.396641,2.822436,0.240169,0.334167,0.722711,-1.546466,-0.033513,2.425633,1.13377,0.003539,0.030862,3.268253,0.817778,9.115297,0.000719,13798.8
351,200.094,1503579628,1503581428,2017-08-24 13:00:28,0,2.661081,2.228561,1.24553,0.505163,0.045597,0.090025,1.620795,1.976931,0.162096,0.37625,0.715339,-0.167631,0.032989,1.181315,-0.181736,0.004498,0.032452,3.217089,0.903333,4.029544,0.000708,13529.6
352,200.656,1503581428,1503583228,2017-08-24 13:30:28,0,2.833411,2.373235,1.272621,0.649666,0.04811,0.078525,1.745184,2.060494,0.174481,0.340139,0.466624,-2.412244,-0.228128,0.221808,-0.086472,0.004834,0.031098,3.084278,0.857083,4.688401,0.000697,13902.9
353,201.206,1503583228,1503585028,2017-08-24 14:00:28,0,5.021918,4.530741,1.417251,0.643019,0.04351,0.071527,2.271821,2.663295,0.226737,0.265417,0.603888,-2.695437,0.091075,0.686102,-1.558616,0.004464,0.031482,3.344353,0.817083,7.44198,0.000686,14200.4
354,201.767,1503585028,1503586828,2017-08-24 14:30:28,0,6.62771,6.087996,1.604653,0.623809,0.044941,0.090079,2.550979,3.060244,0.25468,0.420139,0.59479,-1.947597,-0.478894,1.149504,-0.822445,0.005099,0.036566,3.332309,0.76,10.808896,0.000676,13888.6
355,202.315,1503586828,1503588628,2017-08-24 15:00:28,0,3.37984,2.943819,1.263951,0.522249,0.043243,0.078755,1.61008,2.07845,0.16107,0.59125,0.843938,0.18472,0.443026,1.552498,0.407756,0.00547,0.034383,3.338615,0.921944,5.121758,0.000665,14236.4
356,202.876,1503588628,1503590428,2017-08-24 15:30:28,0,2.229784,1.80471,1.199731,0.595169,0.037667,0.06633,1.472569,1.796353,0.147285,0.45125,0.494394,-1.988584,-0.470117,0.579583,-0.069029,0.005333,0.028334,3.039753,0.927778,5.031875,0.000654,13868.6
357,203.46,1503590428,1503592228,2017-08-24 16:00:28,0,4.627623,4.156845,1.38737,0.632107,0.030477,0.054163,2.159438,2.588948,0.215519,0.275556,0.601349,-2.960168,-0.069925,0.258553,-2.043854,0.003592,0.028386,2.820996,0.758472,10.12378,0.000644,13273.2
358,204.04,1503592228,1503594028,2017-08-24 16:30:28,0,11.443961,10.448581,3.379416,0.694618,0.045622,0.0948,3.622827,4.208371,0.361336,0.23,0.563449,-1.681476,-0.307289,2.090022,-0.977915,0.005069,0.035057,3.246874,0.6875,6.759041,0.000633,13406.0
359,204.608,1503594028,1503595828,2017-08-24 17:00:28,0,7.844495,7.227767,1.915663,0.57526,0.053117,0.098268,3.068679,3.400235,0.306232,0.360694,0.640531,-0.692068,0.307597,1.824495,-1.66999,0.007946,0.047389,3.163187,0.675,13.852241,0.000623,13827.8
360,205.174,1503595828,1503597628,2017-08-24 17:30:28,0,5.142394,4.596081,1.639557,0.660809,0.034959,0.081635,2.246971,2.669351,0.225108,0.350972,0.610618,-0.908876,-0.159337,0.548386,1.675993,0.004738,0.038489,2.871585,0.667083,7.937049,0.000612,13754.7
361,205.761,1503597628,1503599428,2017-08-24 18:00:28,0,3.997124,3.484453,1.532644,0.64559,0.032901,0.064651,2.029435,2.428334,0.202856,0.377361,0.717161,-1.8764,0.139722,0.715388,-0.109648,0.005508,0.042375,2.895299,0.704583,4.758932,0.000602,13258.8
362,206.321,1503599428,1503601228,2017-08-24 18:30:28,0,4.70428,4.220132,1.427793,0.59528,0.038469,0.07413,2.042476,2.411736,0.203874,0.399583,0.72139,-0.865363,0.400026,1.120867,-1.606666,0.005206,0.036405,2.936175,0.748056,7.778947,0.000592,13928.7
363,206.887,1503601228,1503603028,2017-08-24 19:00:28,0,3.471479,3.032821,1.273109,0.451185,0.050229,0.112827,1.514497,2.038898,0.151219,0.500833,0.656641,-1.762793,-0.256866,1.153404,-0.328419,0.004821,0.036332,3.497104,0.960556,6.711814,0.000582,13771.9
364,207.46,1503603028,1503604828,2017-08-24 19:30:28,0,6.110173,5.490469,1.839552,0.68293,0.061466,0.102483,3.005086,3.538312,0.300271,0.167778,0.504824,-2.177642,-0.349307,0.633333,-0.736978,0.006371,0.033687,3.187622,0.449167,6.150898,0.000572,13622.9
365,208.074,1503604828,1503606628,2017-08-24 20:00:28,0,2.835081,2.36384,1.371059,0.457619,0.062191,0.112594,1.933819,2.344328,0.193331,0.299583,0.70731,-0.784102,0.308431,1.776281,-0.220421,0.008104,0.048868,3.398328,0.847083,4.775175,0.000562,12601.9
366,208.643,1503606628,1503608428,2017-08-24 20:30:28,0,5.956726,5.396719,1.59313,0.713465,0.060629,0.091634,2.537165,2.950998,0.254274,0.315,0.646031,-0.823549,0.119119,0.358164,1.703218,0.007367,0.033723,2.995592,0.724028,8.46614,0.000552,13762.4
367,209.237,1503608428,1503610228,2017-08-24 21:00:28,0,5.339218,4.813158,1.622187,0.575076,0.033946,0.069423,2.424306,2.781585,0.242051,0.272639,0.750927,-1.444308,0.30769,1.427586,-1.324901,0.004315,0.031837,2.70437,0.718333,6.908009,0.000542,13144.1
368,209.816,1503610228,1503612028,2017-08-24 21:30:28,0,64.238098,54.073387,40.05611,0.64244,0.055558,0.104921,10.056507,13.060301,0.979999,0.197222,0.534202,-1.877905,-0.398202,5.822179,-8.194338,0.005827,0.03958,3.237852,0.656944,101.811058,0.000532,13477.4
369,210.437,1503612028,1503613828,2017-08-24 22:00:28,0,70.415436,65.068512,20.653471,0.731202,0.079501,0.130887,14.167311,16.319507,1.378504,0.217083,0.406878,-3.578841,-0.18981,8.125189,-12.216713,0.005303,0.041823,3.323361,0.549722,107.003731,0.000522,12494.2
370,210.998,1503613828,1503615628,2017-08-24 22:30:28,0,15.4341,14.718276,2.271987,0.683777,0.044678,0.092267,5.025424,5.385027,0.500171,0.16,0.420036,-5.570721,-0.16059,1.994497,-3.170226,0.00295,0.033974,3.354474,0.523194,15.80038,0.000513,13915.0
371,211.562,1503615628,1503617428,2017-08-24 23:00:28,0,25.44595,22.240349,12.397502,0.507098,0.028027,0.066717,6.690524,7.833469,0.662524,0.281944,0.697273,-1.758656,0.207283,-0.863192,-6.329475,0.002219,0.032303,3.468396,0.643056,15.387432,0.000503,13857.9
372,212.104,1503617428,1503619228,2017-08-24 23:30:28,0,13.769255,12.950347,2.638196,0.719381,0.052474,0.099841,4.36493,5.217236,0.437396,0.286389,0.608629,-0.592716,-0.163123,1.922606,1.937943,0.003204,0.03507,3.350744,0.606944,11.264418,0.000493,14442.8
373,212.65,1503619228,1503621028,2017-08-25 00:00:28,0,9.217482,8.430314,2.662962,0.573245,0.037723,0.06403,3.374558,4.111443,0.336714,0.37375,0.661088,-0.35756,0.059599,-0.164405,-1.840711,0.005445,0.032989,2.770733,0.588194,5.950592,0.000484,14322.5
374,213.208,1503621028,1503622828,2017-08-25 00:30:28,0,10.360811,9.602547,2.527218,0.571343,0.040069,0.083584,3.522071,4.272591,0.35085,0.223611,0.73764,-0.973666,0.23466,2.658686,-2.842791,0.002569,0.032897,3.012825,0.709861,10.891183,0.000475,13993.9
375,213.772,1503622828,1503624628,2017-08-25 01:00:28,0,5.879084,5.32998,1.671966,0.661802,0.032347,0.062168,2.644049,3.162667,0.264488,0.209861,0.441103,-1.96039,-0.018679,0.739899,0.940052,0.002322,0.026043,3.12242,0.694167,8.123431,0.000466,13893.0
376,214.319,1503624628,1503626428,2017-08-25 01:30:28,0,6.655369,6.076372,1.837374,0.667494,0.019602,0.038847,2.666507,3.009175,0.266664,0.305,0.658342,-0.774619,0.090798,1.328226,0.525207,0.002359,0.029369,2.789631,0.637361,7.637331,0.000456,14274.9
377,214.88,1503626428,1503628228,2017-08-25 02:00:28,0,3.320076,2.875411,1.306098,0.550946,0.036916,0.066745,1.855649,2.147581,0.185495,0.346111,0.580186,0.032088,0.123605,0.929578,-0.193937,0.003418,0.029161,2.880885,0.788333,7.534178,0.000447,13963.4
378,215.429,1503628228,1503630028,2017-08-25 02:30:28,0,4.402423,3.909715,1.455308,0.620164,0.039882,0.059635,2.15508,2.524052,0.21543,0.388333,0.559307,-0.682525,0.16061,0.223883,-0.30954,0.003403,0.024111,2.793667,0.644861,6.071503,0.000438,14200.7
379,216.023,1503630028,1503631828,2017-08-25 03:00:28,0,11.255003,10.529314,2.32871,0.770294,0.027937,0.056024,3.658042,4.016594,0.367444,0.388333,0.638751,-1.998317,0.136686,-0.733934,3.376841,0.002003,0.028446,3.068326,0.690278,11.920218,0.000429,13089.1
380,216.599,1503631828,1503633628,2017-08-25 03:30:28,0,5.216098,4.724515,1.46464,0.621595,0.034792,0.056542,2.224427,2.657779,0.222383,0.295278,0.538428,-0.532102,0.101832,0.430645,-0.137387,0.003914,0.028284,2.806714,0.799028,4.646259,0.000421,13506.1
381,217.3,1503633628,1503635428,2017-08-25 04:00:28,0,5.993812,5.423967,1.759226,0.579747,0.045359,0.079303,2.863512,3.228523,0.285953,0.234444,0.588535,-3.194076,-0.088066,1.180378,-1.114483,0.003332,0.029904,3.486519,0.613611,7.956964,0.000412,11086.8
382,217.856,1503635428,1503637228,2017-08-25 04:30:28,0,7.780746,7.153312,1.746851,0.831136,0.071855,0.114694,3.127857,3.511832,0.313355,0.256667,0.376883,-3.415139,-0.25884,-0.51289,1.703784,0.003524,0.035169,3.722014,0.724583,8.846028,0.000403,14076.3
383,218.423,1503637228,1503639028,2017-08-25 05:00:28,0,5.247642,4.715835,1.610094,0.602584,0.040513,0.072939,2.33903,2.993275,0.234265,0.389028,0.691871,-0.212865,0.243261,1.138132,0.983511,0.005363,0.033616,3.029904,0.740139,5.045356,0.000395,13761.7
384,219.061,1503639028,1503640828,2017-08-25 05:30:28,0,5.333896,4.80797,1.590071,0.4703,0.062461,0.101933,2.640296,3.181983,0.264131,0.322083,0.812104,0.194815,0.380037,2.498576,0.23613,0.006054,0.036319,3.445254,0.766389,8.898335,0.000387,12127.4
385,219.688,1503640828,1503642628,2017-08-25 06:00:28,0,10.638625,9.890502,2.400375,0.662863,0.050481,0.091558,3.914736,4.512672,0.390679,0.27375,0.829045,-4.47671,0.206249,3.567136,-1.877586,0.004984,0.040449,3.565585,0.5075,11.226589,0.000378,12407.8
386,220.271,1503642628,1503644428,2017-08-25 06:30:28,0,55.047611,51.526356,13.51663,0.502024,0.070137,0.12355,12.99932,13.865026,1.273805,0.253611,0.691971,-2.708713,0.042474,5.007747,-11.095446,0.006717,0.044126,4.697386,0.654444,37.207779,0.00037,13409.6
387,220.855,1503644428,1503646228,2017-08-25 07:00:28,0,33.982475,32.669979,4.496045,0.563293,0.102635,0.212046,9.054104,9.660652,0.893091,0.279167,0.611557,-2.454007,0.135044,3.416743,-7.971191,0.006623,0.0486,4.603119,0.663194,27.278028,0.000362,13365.9
388,221.42,1503646228,1503648028,2017-08-25 07:30:28,0,61.842194,58.49905,12.792407,0.498295,0.07183,0.135996,13.397193,14.358816,1.305926,0.325833,0.79211,-2.020535,0.203065,8.969201,-12.460416,0.006357,0.043648,4.338792,0.746667,55.839439,0.000354,13826.0
389,221.976,1503648028,1503649828,2017-08-25 08:00:28,0,36.311256,34.902199,5.017814,0.647362,0.056955,0.116649,7.659193,8.894582,0.762007,0.454306,0.660402,-0.281247,0.080742,5.66808,-0.44704,0.004854,0.031114,3.620588,0.712222,17.301331,0.000346,14080.9
390,222.567,1503649828,1503651628,2017-08-25 08:30:28,0,21.883965,20.343346,5.585398,0.626797,0.054004,0.089247,5.809556,6.440138,0.58584,0.207083,0.744519,-2.507603,0.195824,2.906082,4.543256,0.006145,0.037427,3.217877,0.721806,14.381185,0.000338,13139.1
391,223.15,1503651628,1503653428,2017-08-25 09:00:28,0,20.175385,18.464514,6.337076,0.639299,0.028405,0.06833,5.580367,5.928938,0.561736,0.204306,0.636739,-4.041687,0.099531,3.768186,3.124555,0.003994,0.03083,3.100899,0.686667,11.431318,0.000331,13348.4
392,223.712,1503653428,1503655228,2017-08-25 09:30:28,0,9.952112,9.228653,2.41724,0.554853,0.034099,0.077312,3.468162,3.995399,0.346138,0.256806,0.706217,-1.242011,-0.01159,2.195219,-0.639786,0.002998,0.026998,3.585714,0.6625,11.041788,0.000323,13943.2
393,224.485,1503655228,1503657028,2017-08-25 10:00:28,0,10.49383,9.782583,2.272145,0.686128,0.038374,0.086329,3.348319,3.94977,0.336184,0.329722,0.553659,-1.187322,0.083001,-0.328434,2.938109,0.004399,0.033996,3.577883,0.725,12.853956,0.000316,9911.1
394,225.036,1503657028,1503658828,2017-08-25 10:30:28,0,12.526159,11.757183,2.404708,0.881456,0.031081,0.084656,4.675465,5.006038,0.467727,0.009861,0.555069,-4.023259,-0.01506,1.764793,1.423407,0.003675,0.026157,4.098681,0.455417,14.883218,0.000308,14191.3
395,225.586,1503658828,1503660628,2017-08-25 11:00:28,0,9.283834,8.607132,2.149561,0.641764,0.044065,0.083039,3.364781,3.96956,0.335621,0.251667,0.590771,-2.13797,-0.309995,1.574749,-1.6213,0.006027,0.035405,3.268462,0.664028,7.315292,0.000301,14216.1
396,226.127,1503660628,1503662428,2017-08-25 11:30:28,0,9.488864,8.847825,1.928204,0.704049,0.053779,0.105568,3.641097,4.128851,0.364564,0.1775,0.519481,-6.187336,-0.154753,0.819863,0.535491,0.005901,0.040188,4.462966,0.710278,12.012889,0.000294,14499.4
397,226.673,1503662428,1503664228,2017-08-25 12:00:28,0,10.944314,10.153549,2.595145,0.628553,0.045755,0.101215,4.228234,4.6759,0.424244,0.210972,0.601219,-2.755226,0.093133,1.173743,3.98029,0.004831,0.047416,4.959978,0.5375,16.068691,0.000287,14305.3
398,227.214,1503664228,1503666028,2017-08-25 12:30:28,0,3.412733,2.946458,1.349742,0.575849,0.043849,0.080763,1.691021,2.163734,0.169125,0.4375,0.576629,-0.069605,0.10028,0.969498,0.114806,0.004911,0.036569,3.069401,0.825417,4.207174,0.00028,14463.6
399,227.749,1503666028,1503667828,2017-08-25 13:00:28,0,3.517781,3.040196,1.409268,0.601603,0.034358,0.072066,1.401112,2.050913,0.140083,0.577222,0.62863,-0.188809,-0.1082,0.623019,-0.290885,0.004467,0.028346,3.448273,0.927361,6.084513,0.000273,14581.5
400,228.291,1503667828,1503669628,2017-08-25 13:30:28,0,20.296185,18.897917,4.923967,0.845834,0.041407,0.077794,6.453934,6.866995,0.64877,0.072222,0.442302,-5.012972,-0.082488,0.818071,3.819659,0.005948,0.037514,4.098272,0.411944,14.119488,0.000267,14417.4
401,228.864,1503669628,1503671428,2017-08-25 14:00:28,0,8.767042,8.112251,2.04238,0.639873,0.047863,0.097484,3.695987,4.277479,0.369299,0.13125,0.584629,-1.430319,0.029399,0.840021,-0.458201,0.005649,0.045219,3.900834,0.464028,8.139371,0.00026,13631.7
402,229.422,1503671428,1503673228,2017-08-25 14:30:28,0,12.114999,11.238951,2.884328,0.725313,0.04357,0.100137,4.64926,5.267358,0.466383,0.099028,0.419559,-2.367654,-0.08859,-0.075194,4.270111,0.005224,0.039905,5.401042,0.448194,14.998366,0.000254,14011.0
403,230.01,1503673228,1503675028,2017-08-25 15:00:28,0,28.991459,26.952106,7.539323,0.765286,0.038415,0.083402,8.747744,9.505286,0.878785,0.232917,0.647887,-6.181306,0.189487,1.139527,3.660361,0.006883,0.044399,3.713429,0.431944,11.345712,0.000247,13279.3
404,230.632,1503675028,1503676828,2017-08-25 15:30:28,0,14.184208,13.203518,3.375628,0.568972,0.049252,0.109431,4.93036,6.339555,0.49377,0.215417,0.621415,-1.527765,-0.109714,0.921979,0.341419,0.004737,0.033248,5.634648,0.622222,8.999943,0.000241,12530.5
405,231.239,1503676828,1503678628,2017-08-25 16:00:28,0,11.416752,10.649364,2.491131,0.594057,0.055226,0.111806,4.086939,4.647804,0.407019,0.281806,0.744604,-0.831019,0.327192,2.283501,-3.088289,0.005085,0.033921,5.080998,0.763333,10.199537,0.000235,12863.4
406,231.828,1503678628,1503680428,2017-08-25 16:30:28,0,8.553008,7.917644,1.906487,0.581513,0.073404,0.137366,3.567192,4.096902,0.356436,0.289583,0.678555,-0.315448,0.386123,1.633342,-0.856768,0.006107,0.038436,6.05764,0.840694,10.83912,0.000229,13282.2
407,232.423,1503680428,1503682228,2017-08-25 17:00:28,0,9.062129,8.456085,1.785769,0.726303,0.048646,0.10734,2.998681,3.50349,0.300698,0.443611,0.711882,-0.187682,0.321173,0.374718,1.417102,0.004713,0.033303,5.531514,0.864028,9.322094,0.000223,13067.5
408,233.058,1503682228,1503684028,2017-08-25 17:30:28,0,8.363544,7.753022,1.941507,0.57119,0.038137,0.082926,3.179223,3.580398,0.318785,0.378056,0.756374,-0.586152,0.078254,2.31052,2.07501,0.006768,0.036432,3.843017,0.69625,8.45227,0.000218,12208.1
409,233.675,1503684028,1503685828,2017-08-25 18:00:28,0,13.692311,12.797961,3.011227,0.616494,0.051221,0.091688,3.564378,4.656672,0.354189,0.484444,0.722467,-0.390736,0.234845,0.503333,-2.305076,0.006351,0.035557,4.389025,0.853194,8.844233,0.000212,12592.5
410,234.236,1503685828,1503687628,2017-08-25 18:30:28,0,12.067113,11.500175,1.755811,0.469446,0.056487,0.118385,4.105183,5.274215,0.408201,0.382778,0.727321,-0.420597,-0.135752,3.271505,-2.753081,0.004976,0.032971,5.997676,0.833472,13.994614,0.000207,14062.3
411,234.784,1503687628,1503689428,2017-08-25 19:00:28,0,23.944319,22.599756,4.771413,0.719168,0.039816,0.099721,7.700446,8.056177,0.775309,0.220278,0.628644,-5.748207,-0.050362,3.496585,6.159837,0.003696,0.033465,6.385107,0.552083,13.132947,0.000201,14230.4
412,235.329,1503689428,1503691228,2017-08-25 19:30:28,0,20.25543,19.414431,2.78792,0.702493,0.035975,0.085304,5.636111,6.21653,0.568039,0.305,0.686663,-3.665649,0.264402,1.088751,4.743523,0.004156,0.037642,4.173238,0.684583,13.109859,0.000196,14361.7
413,235.883,1503691228,1503693028,2017-08-25 20:00:28,0,17.778385,16.946369,2.757781,0.655494,0.044638,0.08732,5.200502,6.151393,0.523602,0.352083,0.667585,-1.227522,0.188243,1.56085,3.802703,0.007596,0.035798,3.971336,0.670556,10.367066,0.000191,14064.7
414,236.425,1503693028,1503694828,2017-08-25 20:30:28,0,7.706916,7.098938,1.828905,0.648984,0.051748,0.111775,3.104576,3.759266,0.310822,0.381111,0.625469,-0.527187,0.015968,0.678335,1.038057,0.005154,0.037603,5.405257,0.767639,6.57423,0.000186,14493.2
415,237.002,1503694828,1503696628,2017-08-25 21:00:28,0,11.364948,10.687831,2.125518,0.673725,0.045865,0.085797,4.172582,4.7904,0.415463,0.239306,0.565755,-2.408711,0.059996,0.98292,-3.660459,0.005584,0.03679,4.927144,0.678472,9.609898,0.000182,13466.0
416,237.549,1503696628,1503698428,2017-08-25 21:30:28,0,7.379744,6.739606,1.881711,0.668558,0.068002,0.143122,2.683073,3.158771,0.268531,0.416667,0.740069,-0.536299,0.357441,1.644721,0.420942,0.005326,0.03243,6.918067,0.9025,8.506926,0.000177,14323.0
417,238.117,1503698428,1503700228,2017-08-25 22:00:28,0,8.187247,7.549359,1.931667,0.625658,0.06344,0.115296,3.425522,3.903657,0.343129,0.32125,0.579691,-1.767944,-0.06974,0.47617,1.494265,0.006753,0.040192,4.9188,0.741944,8.362846,0.000172,13718.7
418,238.713,1503700228,1503702028,2017-08-25 22:30:28,0,5.872278,5.29908,1.735628,0.637044,0.045046,0.083533,2.325923,2.749372,0.232061,0.490278,0.651876,-0.522847,0.240486,1.013347,-1.935914,0.00543,0.036438,4.50327,0.812917,6.665609,0.000168,13168.1
419,239.313,1503702028,1503703828,2017-08-25 23:00:28,0,6.982077,6.389838,1.663017,0.807427,0.057523,0.104283,2.543627,2.903502,0.25497,0.37625,0.550632,-1.261041,-0.013881,0.102922,2.049057,0.005764,0.028673,4.688088,0.887361,12.528138,0.000164,12988.6
420,239.897,1503703828,1503705628,2017-08-25 23:30:28,0,6.925547,6.294799,1.998432,0.656793,0.031762,0.067823,3.135758,3.545551,0.314199,0.168194,0.421982,-1.434677,0.063067,-0.730809,1.730736,0.005641,0.035417,3.505732,0.745833,3.906869,0.00016,13314.7
421,240.447,1503705628,1503707428,2017-08-26 00:00:28,0,3.821033,3.303626,1.526825,0.516182,0.062904,0.102657,1.815291,2.413865,0.18168,0.381111,0.704956,0.081151,0.185519,1.173221,0.611489,0.008413,0.04001,4.601189,0.935694,8.129555,0.000156,14227.0
422,241.005,1503707428,1503709228,2017-08-26 00:30:28,0,7.81458,7.222019,1.785953,0.623488,0.056232,0.094056,2.713263,3.561186,0.272238,0.356944,0.73633,-0.374762,0.193747,0.773027,1.690568,0.005618,0.043418,4.418316,0.841111,11.597422,0.000152,14013.2
423,241.548,1503709228,1503711028,2017-08-26 01:00:28,0,4.95162,4.418075,1.620215,0.61339,0.034635,0.078511,2.028441,2.779985,0.202626,0.414583,0.463184,-1.326264,0.086728,0.253403,-0.182803,0.003757,0.036925,4.271561,0.891667,6.575243,0.000148,14557.3
424,242.104,1503711028,1503712828,2017-08-26 01:30:28,0,10.437461,9.728558,2.274857,0.577639,0.057793,0.094337,3.443029,3.792777,0.34548,0.139583,0.70297,-4.605633,0.121907,1.58167,3.264421,0.005448,0.034166,5.069792,0.785556,13.222893,0.000144,14167.0
425,242.643,1503712828,1503714628,2017-08-26 02:00:28,0,8.339679,7.764255,1.703293,0.82378,0.023893,0.058491,2.826117,3.181622,0.281788,0.404167,0.488889,-1.939314,-0.131162,0.336581,-1.740306,0.003122,0.03109,3.495393,0.759861,10.032364,0.000141,14506.7
426,243.184,1503714628,1503716428,2017-08-26 02:30:28,0,3.787091,3.2612,1.639704,0.460191,0.046853,0.094125,2.239593,2.663099,0.223678,0.339444,0.573249,-0.264192,0.189444,1.367242,-1.036271,0.004338,0.028151,5.677118,0.910417,5.70398,0.000138,14457.5
427,243.714,1503716428,1503718228,2017-08-26 03:00:28,0,7.954102,7.307577,2.00496,0.537506,0.066747,0.123056,2.972102,3.801596,0.297499,0.36375,0.81884,-1.826115,0.321923,2.594948,0.554015,0.006484,0.040224,5.874579,0.713333,10.490907,0.000134,14753.6
428,244.259,1503718228,1503720028,2017-08-26 03:30:28,0,8.729061,8.032462,2.197746,0.598338,0.053278,0.127223,3.96619,4.28592,0.396017,0.088056,0.700157,-3.999735,0.345843,2.917003,-1.383178,0.005264,0.03544,6.456648,0.633611,11.066538,0.000131,14360.6
429,244.851,1503720028,1503721828,2017-08-26 04:00:28,0,5.728174,5.099813,1.907539,0.561168,0.072833,0.118006,3.014871,3.655598,0.301129,0.30625,0.631359,-0.839675,-0.256185,0.514464,-1.455822,0.00573,0.041267,5.405896,0.788333,9.341299,0.000128,13127.2
430,245.39,1503721828,1503723628,2017-08-26 04:30:28,0,4.889077,4.304443,1.82959,0.532069,0.041781,0.111783,2.269135,2.631537,0.226935,0.283889,0.785805,-1.466432,0.48853,2.181677,-0.103447,0.005119,0.035326,5.279529,0.833194,9.370868,0.000126,14516.6
431,245.934,1503723628,1503725428,2017-08-26 05:00:28,0,6.521831,5.933881,1.757115,0.733912,0.038094,0.078637,2.755229,3.161422,0.27579,0.18375,0.573824,-1.37414,-0.533196,0.983773,1.103206,0.004949,0.035039,4.645162,0.756111,12.894803,0.000123,14362.0
432,246.469,1503725428,1503727228,2017-08-26 05:30:28,0,8.311005,7.712885,1.851378,0.598783,0.047261,0.085504,3.547117,3.921705,0.353633,0.284167,0.676836,-1.636895,0.241033,1.858586,-2.777046,0.00616,0.041486,4.461153,0.7425,10.84156,0.000121,14614.3
433,247.007,1503727228,1503729028,2017-08-26 06:00:28,0,7.354065,6.755396,1.805518,0.545378,0.068282,0.122571,3.093145,3.51935,0.308899,0.238889,0.850835,-0.713207,0.33068,2.793559,-0.41559,0.005812,0.030823,6.09838,0.859028,10.397031,0.000118,14548.1
434,247.541,1503729028,1503730828,2017-08-26 06:30:28,0,12.429145,11.689036,2.37283,0.66121,0.047136,0.097192,4.344967,5.003054,0.435015,0.248889,0.580334,-2.106949,-0.055454,1.667747,-0.188626,0.005064,0.035145,4.873834,0.603889,13.551095,0.000116,14662.2
435,248.095,1503730828,1503732628,2017-08-26 07:00:28,0,7.966988,7.310233,2.118083,0.539311,0.041816,0.106241,3.355964,3.785343,0.336142,0.170417,0.489573,-1.752439,0.051406,0.786451,1.279682,0.004868,0.037364,5.467152,0.752778,10.865659,0.000114,14109.3
436,248.63,1503732628,1503734428,2017-08-26 07:30:28,0,5.90971,5.302092,1.875699,0.658594,0.036887,0.088864,2.548744,3.001524,0.254861,0.310278,0.493348,-1.031217,-0.227955,-0.055556,0.283441,0.00444,0.033071,4.105358,0.701111,11.635486,0.000112,14606.1
437,249.181,1503734428,1503736228,2017-08-26 08:00:28,0,2.462835,1.969225,1.525148,0.522349,0.030147,0.079416,1.54837,1.85398,0.154716,0.343472,0.681594,-1.615314,-1.228821,1.064157,-0.691029,0.0039,0.030261,4.689683,0.931389,7.131567,0.00011,14155.1
438,249.748,1503736228,1503738028,2017-08-26 08:30:28,0,4.438821,3.919955,1.617979,0.586031,0.023691,0.061263,1.75219,2.010836,0.175075,0.502222,0.713627,-9.277337,-5.554658,1.43395,-0.169285,0.003122,0.024868,3.447304,0.845833,9.96174,0.000109,13876.1
439,250.288,1503738028,1503739828,2017-08-26 09:00:28,0,11.643526,10.892124,2.468601,0.642326,0.033016,0.090464,4.39474,5.119964,0.439541,0.15875,0.556507,-2.382321,0.142842,1.362302,0.214568,0.002382,0.023616,4.419452,0.569167,12.822478,0.000107,14459.4
440,250.826,1503739828,1503741628,2017-08-26 09:30:28,0,19.660923,18.565998,3.72185,0.702949,0.056964,0.124212,7.520775,7.933505,0.749247,0.032361,0.633194,-4.751289,0.242092,4.12052,-3.475493,0.006808,0.038307,5.586702,0.396111,14.265716,0.000106,14608.9
441,251.376,1503741628,1503743428,2017-08-26 10:00:28,0,11.608272,10.894405,2.24854,0.650008,0.052096,0.114865,4.752804,5.393473,0.473873,0.081667,0.580486,-2.408042,0.00332,2.200441,-2.241709,0.005596,0.033537,5.987381,0.620556,12.378436,0.000105,14300.4
442,251.914,1503743428,1503745228,2017-08-26 10:30:28,0,6.211932,5.59775,1.933225,0.558862,0.04455,0.101586,2.648304,3.108444,0.264352,0.21625,0.718452,-2.375478,0.153137,1.496749,-1.960838,0.006138,0.049894,5.505734,0.8025,9.527194,0.000104,14636.3
443,252.448,1503745228,1503747028,2017-08-26 11:00:28,0,5.030045,4.443128,1.818189,0.558609,0.047335,0.100888,2.30776,2.667749,0.230952,0.246806,0.646261,-0.87523,0.136311,0.934864,0.616438,0.006488,0.037823,5.227541,0.793194,8.673994,0.000103,14695.3
444,252.979,1503747028,1503748828,2017-08-26 11:30:28,0,5.256877,4.715675,1.647879,0.610859,0.037088,0.076751,2.346589,2.699269,0.234561,0.283194,0.679623,-2.46997,0.205461,0.925571,-0.384292,0.006387,0.040355,3.881412,0.820139,7.720823,0.000102,14753.5
445,253.514,1503748828,1503750628,2017-08-26 12:00:28,0,3.239008,2.749012,1.454708,0.607279,0.034471,0.072724,1.874215,2.164188,0.187312,0.293194,0.563201,-4.291609,-0.020092,0.5427,-0.820598,0.005674,0.032635,3.527175,0.839028,8.890478,0.000101,14623.9
446,254.053,1503750628,1503752428,2017-08-26 12:30:28,0,8.722301,8.031428,2.244211,0.637184,0.031577,0.07649,3.316041,3.774673,0.33247,0.233611,0.666838,-1.023873,-0.050243,1.053035,2.686774,0.004196,0.034753,3.570386,0.573194,13.280965,0.000101,14529.6
447,254.587,1503752428,1503754228,2017-08-26 13:00:28,0,10.617697,9.852356,2.503366,0.59963,0.049808,0.098348,3.924575,4.971748,0.391224,0.247083,0.686959,-0.692315,0.214924,0.695243,-1.638169,0.007631,0.03898,4.010202,0.725417,6.273929,0.0001,14674.7
448,255.15,1503754228,1503756028,2017-08-26 13:30:28,0,11.589092,10.884544,2.096564,0.783415,0.060773,0.132154,4.763865,5.297487,0.475112,0.115556,0.579037,-5.461663,-0.086134,1.987323,-2.885037,0.006793,0.038991,6.183853,0.704444,13.144486,0.0001,13901.9
449,255.694,1503756028,1503757828,2017-08-26 14:00:28,0,5.440121,4.812271,1.912318,0.57332,0.063518,0.128304,2.522704,3.032754,0.25192,0.329444,0.6005,-0.487641,0.032661,0.522678,-0.972094,0.006919,0.041874,6.094798,0.869028,12.161754,0.002,14395.6
450,256.232,1503757828,1503759628,2017-08-26 14:30:28,0,6.298084,5.716403,1.87895,0.548299,0.026891,0.067821,3.076309,3.458785,0.307014,0.140139,0.629136,-2.519237,0.046213,1.649688,-2.586499,0.004257,0.033302,3.563305,0.582083,9.414948,0.002,14606.1
451,256.766,1503759628,1503761428,2017-08-26 15:00:28,0,4.116087,3.572604,1.714069,0.457334,0.04212,0.105466,2.279284,2.754851,0.227816,0.26375,0.824592,-1.244347,-0.461227,1.854849,-0.273173,0.005119,0.032507,5.929929,0.917778,7.421756,0.002,14674.0
452,257.309,1503761428,1503763228,2017-08-26 15:30:28,0,4.735957,4.232044,1.572617,0.550691,0.024644,0.066842,2.634529,2.95267,0.263592,0.175833,0.653898,-0.797836,0.101238,0.994991,-0.150202,0.00324,0.025531,3.9072,0.727083,8.968069,0.002,14400.1
453,257.844,1503763228,1503765028,2017-08-26 16:00:28,0,4.674138,4.152668,1.553831,0.658586,0.033956,0.069255,2.214178,2.643181,0.221193,0.247083,0.645867,-2.261724,-0.046268,0.887487,-0.95873,0.004566,0.027016,3.635648,0.774167,7.248429,0.002,14638.7
454,258.4,1503765028,1503766828,2017-08-26 16:30:28,0,13.091404,12.330191,2.474605,0.742409,0.027398,0.07381,4.393384,5.231217,0.439962,0.22875,0.54276,-2.535509,-0.048366,-0.095858,0.767614,0.002979,0.028862,3.981165,0.573472,10.512173,0.002,14065.8
455,258.937,1503766828,1503768628,2017-08-26 17:00:28,0,16.768595,15.809817,3.36018,0.509628,0.040752,0.089192,5.42458,6.094132,0.539283,0.228333,0.64706,-2.674656,-0.144695,4.073165,-3.121859,0.004773,0.032688,4.233685,0.626111,14.560802,0.001999,14582.8
456,259.55,1503768628,1503770428,2017-08-26 17:30:28,0,27.660097,26.214737,5.114373,0.863187,0.034918,0.081696,6.517988,7.623554,0.658899,0.252083,0.445199,-2.430788,-0.114308,-3.160151,5.794223,0.002661,0.023221,4.129694,0.730694,16.696621,0.001999,12625.9
457,260.084,1503770428,1503772228,2017-08-26 18:00:28,0,10.968828,10.281354,2.250027,0.628819,0.027794,0.069843,3.553554,4.44897,0.356458,0.200278,0.624672,-2.284391,0.126259,2.414373,1.1469,0.00191,0.023771,3.293828,0.663056,11.351122,0.001999,14653.6
458,260.67,1503772228,1503774028,2017-08-26 18:30:28,0,4.785404,4.266336,1.565137,0.660503,0.025578,0.066805,2.176618,2.725393,0.217991,0.417778,0.602923,-1.050489,-0.311289,-0.034055,1.089706,0.002083,0.021842,3.578907,0.766806,7.141209,0.001999,13256.3
459,261.21,1503774028,1503775828,2017-08-26 19:00:28,0,13.05801,12.315739,2.557433,0.495895,0.025224,0.066976,4.415249,4.995544,0.439684,0.26,0.933676,-2.38125,0.160121,5.270126,-3.953988,0.001417,0.018455,3.520076,0.523194,9.918317,0.001998,14482.5
460,261.745,1503775828,1503777628,2017-08-26 19:30:28,0,11.45573,10.668606,2.646314,0.546547,0.039085,0.100569,4.446096,5.508717,0.443723,0.176528,0.654979,-3.832346,0.082881,2.92657,-1.096262,0.001883,0.021991,4.602379,0.498194,8.080235,0.001998,14652.5
461,262.284,1503777628,1503779428,2017-08-26 20:00:28,0,21.343019,20.524569,2.802553,0.490627,0.041399,0.096906,7.037095,7.82696,0.699379,0.1825,0.778011,-1.804198,0.238237,6.85032,-4.376071,0.002753,0.024845,4.824829,0.517917,15.560153,0.001997,14583.0
462,262.825,1503779428,1503781228,2017-08-26 20:30:28,0,10.487345,9.787124,2.162701,0.745782,0.044246,0.105659,4.481372,5.120077,0.447992,0.105833,0.537127,-1.072363,-0.108343,1.78776,-0.244408,0.003003,0.022905,4.847201,0.586806,8.996278,0.001997,14543.9
463,263.387,1503781228,1503783028,2017-08-26 21:00:28,0,7.290858,6.666082,1.984084,0.608608,0.033635,0.08642,3.5222,4.039117,0.352475,0.131667,0.594256,-2.255855,0.064343,0.989413,0.535088,0.001687,0.026844,4.460499,0.564444,5.57269,0.001996,13919.6
464,263.946,1503783028,1503784828,2017-08-26 21:30:28,0,11.428102,10.712423,2.250188,0.675265,0.048476,0.113785,3.695733,4.841004,0.371052,0.327361,0.594724,-0.707981,0.015214,-1.107034,3.009371,0.003748,0.024598,4.835556,0.722361,15.516733,0.001996,14092.2
465,264.504,1503784828,1503786628,2017-08-26 22:00:28,0,13.07234,12.143088,3.221847,0.513234,0.045778,0.096686,4.707458,5.486357,0.470831,0.273611,0.743653,-0.295802,0.245966,2.779123,0.819523,0.004236,0.031176,5.20255,0.614028,7.305271,0.001995,14171.0
466,265.065,1503786628,1503788428,2017-08-26 22:30:28,0,11.483302,10.885454,1.86924,0.537493,0.045765,0.112277,3.865173,4.889622,0.384656,0.2525,0.630412,-0.801003,-0.382545,2.845467,-2.045108,0.002161,0.023102,5.927885,0.82,9.886656,0.001995,13967.9
467,265.635,1503788428,1503790228,2017-08-26 23:00:28,0,9.651119,8.948019,2.161967,0.760733,0.04577,0.105181,3.88406,4.589228,0.389275,0.165556,0.369883,-0.821188,-0.374338,-1.277429,2.347366,0.002313,0.02161,5.864831,0.72625,11.236982,0.001994,13757.8
468,266.195,1503790228,1503792028,2017-08-26 23:30:28,0,4.779062,4.223752,1.750034,0.527049,0.036802,0.083317,2.329717,2.982855,0.2329,0.268889,0.682651,-1.292589,-0.041821,1.806694,-0.308293,0.003665,0.028515,4.810503,0.7925,3.37876,0.001994,13976.6
469,266.77,1503792028,1503793828,2017-08-27 00:00:28,0,3.310289,2.774103,1.65913,0.542658,0.038101,0.085726,2.037298,2.540655,0.20387,0.283611,0.683501,-0.745736,-0.410284,1.052505,0.672131,0.002379,0.020443,5.259517,0.921944,5.184426,0.001993,13598.2
470,267.436,1503793828,1503795628,2017-08-27 00:30:28,0,8.504345,7.819506,2.197376,0.584383,0.046291,0.100313,3.576801,3.881834,0.357369,0.20375,0.698518,-3.061766,0.250833,2.329395,-1.105643,0.00358,0.023937,5.070407,0.612222,6.147486,0.001992,11620.2
471,268.007,1503795628,1503797428,2017-08-27 01:00:28,0,8.684373,7.978487,2.077945,0.830609,0.055354,0.142981,3.572311,3.893866,0.357832,0.099722,0.482284,-2.973169,-0.554713,0.106851,1.962498,0.002514,0.023587,5.717592,0.657778,19.025583,0.001991,13702.4
472,268.557,1503797428,1503799228,2017-08-27 01:30:28,0,5.787526,5.196136,1.901105,0.505053,0.03799,0.087805,2.689716,3.214821,0.268927,0.291806,0.706514,-0.787386,0.345692,1.860674,-0.021675,0.004087,0.036316,4.469346,0.674583,5.00132,0.001991,14283.1
473,269.13,1503799228,1503801028,2017-08-27 02:00:28,0,6.724621,6.10934,1.968957,0.505142,0.043611,0.105521,3.028797,3.420636,0.302588,0.169306,0.835202,-4.336402,0.134008,2.844348,-1.081858,0.00318,0.029889,4.973239,0.710278,6.249001,0.00199,13642.1
474,269.664,1503801028,1503802828,2017-08-27 02:30:28,0,7.860927,7.189862,2.125539,0.541722,0.056236,0.123401,3.35375,4.1189,0.336063,0.1475,0.659786,-0.985465,-0.569714,0.3681,1.603594,0.004361,0.028707,5.108243,0.742361,12.357554,0.001989,14708.5
475,270.196,1503802828,1503804628,2017-08-27 03:00:28,0,14.317654,13.559199,2.461388,0.66766,0.039504,0.096276,4.713896,5.602157,0.47381,0.282917,0.588259,-0.519259,0.000344,3.110604,4.201204,0.004089,0.036437,4.48597,0.626806,9.624836,0.001988,14762.3
476,270.73,1503804628,1503806428,2017-08-27 03:30:28,0,10.994192,10.298452,2.192232,0.647446,0.04753,0.110239,4.381395,4.767689,0.439071,0.042083,0.675442,-3.536506,0.087114,3.318963,1.848055,0.003796,0.031198,4.772269,0.600694,8.221234,0.001987,14690.2
477,271.27,1503806428,1503808228,2017-08-27 04:00:28,0,6.495669,5.917004,1.744382,0.618908,0.047389,0.106497,2.971235,3.482039,0.297312,0.172083,0.581427,-2.215714,-0.377429,1.376794,0.918649,0.005464,0.034353,4.298079,0.703889,7.888621,0.001986,14547.6
478,271.809,1503808228,1503810028,2017-08-27 04:30:28,0,10.135133,9.424667,2.192597,0.799003,0.042831,0.083837,3.673983,4.338125,0.368698,0.188056,0.394923,-1.349647,-0.44514,-1.397274,2.949834,0.005086,0.030135,3.966116,0.660833,12.015471,0.001985,14564.6
479,272.379,1503810028,1503811828,2017-08-27 05:00:28,0,9.411139,8.817654,1.844406,0.627238,0.03486,0.086913,3.625307,4.073091,0.36368,0.353333,0.560026,-2.152347,-0.084007,0.791446,2.840626,0.004128,0.028591,3.730975,0.599583,11.63343,0.001984,13716.8
480,272.924,1503811828,1503813628,2017-08-27 05:30:28,0,5.849666,5.31937,1.651565,0.507777,0.038632,0.090297,2.743006,3.218075,0.274454,0.205417,0.707193,-0.939589,-0.061602,2.024463,0.369441,0.005054,0.031714,3.846383,0.7525,9.300678,0.001983,14384.9
481,273.523,1503813628,1503815428,2017-08-27 06:00:28,0,6.249097,5.654499,1.852994,0.620537,0.036974,0.080425,2.624389,3.232664,0.262349,0.286944,0.69744,-0.872656,0.109831,1.808243,-0.404335,0.005162,0.033871,3.840032,0.693472,6.119731,0.001982,12996.1
482,274.08,1503815428,1503817228,2017-08-27 06:30:28,0,9.557304,8.87662,2.188547,0.547816,0.054056,0.094711,3.77181,4.30833,0.376356,0.140556,0.715292,-2.174187,0.242249,3.286254,-1.993961,0.008042,0.036142,3.835643,0.640139,11.593222,0.001981,14042.4
483,274.679,1503817228,1503819028,2017-08-27 07:00:28,0,12.453185,11.602218,2.880343,0.654737,0.030715,0.071212,4.365163,5.054285,0.435309,0.063056,0.547279,-3.746796,0.027428,1.408162,-0.806176,0.005163,0.036667,3.805636,0.614722,7.130484,0.001979,13041.6
484,275.228,1503819028,1503820828,2017-08-27 07:30:28,0,10.657651,10.03194,2.051423,0.515437,0.034702,0.073593,4.117176,4.763446,0.411292,0.185556,0.540588,-0.908112,0.106216,2.338568,0.309748,0.005839,0.031775,3.954202,0.614583,9.691196,0.001978,14505.1
485,275.772,1503820828,1503822628,2017-08-27 08:00:28,0,11.236673,10.543271,2.171459,0.7106,0.040493,0.098258,4.778223,5.409357,0.479396,0.04875,0.561492,-2.031149,-0.041846,2.01546,4.188325,0.004347,0.038156,4.85379,0.449583,13.843068,0.001977,14441.8
486,276.396,1503822628,1503824428,2017-08-27 08:30:28,0,6.717395,6.09996,1.917199,0.654362,0.037473,0.087486,3.030328,3.658807,0.303213,0.186528,0.574461,-0.666077,0.068572,0.818364,0.657205,0.005003,0.034309,4.130011,0.669444,5.656823,0.001976,12446.8
487,276.998,1503824428,1503826228,2017-08-27 09:00:28,0,5.210121,4.657269,1.721781,0.555852,0.036166,0.086648,2.474637,2.870332,0.247673,0.245833,0.759535,0.047829,0.407515,2.257786,0.555713,0.007838,0.039909,4.295459,0.8125,6.473417,0.001974,12986.3
488,277.578,1503826228,1503828028,2017-08-27 09:30:28,0,8.917018,8.216168,2.259404,0.615203,0.040858,0.096017,3.72036,4.510528,0.372387,0.227778,0.561298,-0.607346,0.026138,0.872777,1.018996,0.005209,0.034521,4.23408,0.570556,8.726613,0.001973,13491.5
489,278.135,1503828028,1503829828,2017-08-27 10:00:28,0,10.57214,9.898966,2.228715,0.479973,0.040075,0.099775,4.63141,5.302482,0.464629,0.149306,0.831321,-0.931533,0.277381,4.599444,3.625358,0.005946,0.035235,5.208903,0.575139,12.102106,0.001972,14105.2
490,278.708,1503829828,1503831628,2017-08-27 10:30:28,0,6.986539,6.343125,2.024007,0.595533,0.042698,0.112317,3.159465,3.603955,0.315988,0.149861,0.615586,-1.095117,0.213618,1.216082,-0.084082,0.005992,0.039826,4.701227,0.631944,9.2162,0.00197,13693.2
491,279.247,1503831628,1503833428,2017-08-27 11:00:28,0,4.402058,3.871276,1.659115,0.476926,0.041113,0.098985,2.025994,2.794225,0.202269,0.399028,0.780723,-0.892472,0.354856,1.209719,-1.006759,0.006267,0.040542,3.839292,0.846667,6.65287,0.001969,14598.5
492,279.781,1503833428,1503835228,2017-08-27 11:30:28,0,9.892728,9.184132,2.249363,0.736044,0.034083,0.076995,4.328524,4.862712,0.433003,0.104444,0.364016,-2.629206,-0.169406,-1.279536,1.483703,0.004868,0.028899,3.875304,0.370417,11.790369,0.001967,14699.3
493,280.321,1503835228,1503837028,2017-08-27 12:00:28,0,8.871264,8.164596,2.303805,0.536032,0.047294,0.109679,3.946142,4.527917,0.395457,0.194722,0.718958,-4.55498,0.131542,3.290918,2.327498,0.006722,0.035153,4.70505,0.567083,13.754214,0.001966,14555.1
494,280.871,1503837028,1503838828,2017-08-27 12:30:28,0,12.649827,11.927932,2.395536,0.502792,0.043853,0.106408,4.632097,5.164577,0.465456,0.263889,0.750741,-2.778236,0.387751,3.371436,3.570845,0.005705,0.042516,4.365254,0.704306,17.505028,0.001964,14292.6
495,281.418,1503838828,1503840628,2017-08-27 13:00:28,0,7.553369,6.948742,1.85181,0.532152,0.056365,0.140162,3.678527,4.180299,0.368766,0.139722,0.626259,-0.836731,-0.223907,1.343404,3.288985,0.006772,0.040518,4.229885,0.699028,20.660599,0.001962,14341.5
496,281.977,1503840628,1503842428,2017-08-27 13:30:28,0,9.567374,8.829021,2.291906,0.674083,0.062895,0.132632,4.126901,4.57105,0.412715,0.073194,0.615507,-2.770726,0.025559,2.07361,-0.010685,0.007066,0.036194,4.527894,0.521528,8.489358,0.001961,14015.2
497,282.515,1503842428,1503844228,2017-08-27 14:00:28,0,8.049516,7.417478,1.9904,0.543583,0.04753,0.121908,3.355267,3.882467,0.33643,0.289861,0.669491,-0.390485,0.110356,0.704765,2.50651,0.006619,0.040988,4.485554,0.656944,15.593119,0.001959,14686.4
498,283.119,1503844228,1503846028,2017-08-27 14:30:28,0,4.763363,4.177799,1.755925,0.521125,0.061924,0.156299,2.250171,2.797499,0.225175,0.359306,0.592723,-0.348951,0.058546,1.969605,0.123612,0.0065,0.046507,5.390308,0.937778,11.306428,0.001957,12924.3
499,283.754,1503846028,1503847828,2017-08-27 15:00:28,0,5.546248,4.98344,1.744381,0.529944,0.043543,0.105473,2.27255,2.764898,0.227026,0.318194,0.700193,-3.024675,0.262287,1.193666,-0.603717,0.006142,0.03803,4.39831,0.769028,10.175883,0.001956,12338.8
500,284.364,1503847828,1503849628,2017-08-27 15:30:28,0,4.435145,3.889426,1.646749,0.576303,0.045406,0.101712,2.192464,2.666006,0.219228,0.333056,0.635747,-0.237268,-0.196014,0.750431,-0.356302,0.007246,0.039546,4.398437,0.828194,10.511714,0.001954,12791.8
501,284.956,1503849628,1503851428,2017-08-27 16:00:28,0,10.616745,9.915858,2.223471,0.564158,0.0639,0.110275,3.801267,4.930902,0.380508,0.296111,0.720804,-0.090404,0.20413,2.140759,-0.405076,0.009101,0.041328,4.961643,0.663611,11.609518,0.001952,13428.3
502,285.509,1503851428,1503853228,2017-08-27 16:30:28,0,9.680212,9.033998,2.071301,0.469145,0.055465,0.123693,4.148756,5.066165,0.414983,0.171528,0.788454,-0.268794,0.185523,3.252817,-0.581094,0.006502,0.050155,5.209657,0.692917,12.216619,0.00195,14203.9
503,286.068,1503853228,1503855028,2017-08-27 17:00:28,0,9.156874,8.527987,1.933927,0.621093,0.050547,0.109574,3.511139,4.046523,0.350579,0.257083,0.64975,-0.163994,0.293733,1.708762,-1.234753,0.007674,0.03582,4.514223,0.724306,7.114089,0.001948,13993.0
504,286.624,1503855028,1503856828,2017-08-27 17:30:28,0,4.55315,3.983106,1.656464,0.589554,0.070782,0.125129,3.094779,3.445457,0.309355,0.199861,0.612954,-0.242822,0.002467,1.39841,-0.712143,0.010656,0.045742,4.788733,0.785139,14.916086,0.001946,14063.4
505,287.179,1503856828,1503858628,2017-08-27 18:00:28,0,4.780713,4.250329,1.602079,0.574795,0.046615,0.07838,2.454092,2.854925,0.245526,0.313333,0.657322,-0.767052,-0.091438,1.293969,0.259803,0.008652,0.044473,3.910276,0.782361,6.085477,0.001944,14084.6
506,287.718,1503858628,1503860428,2017-08-27 18:30:28,0,4.385107,3.840582,1.62397,0.512116,0.065431,0.112284,2.436274,2.912558,0.243841,0.255972,0.801785,-0.425491,0.110985,2.270024,0.393,0.00976,0.04224,4.45854,0.88375,6.700639,0.001942,14543.1
507,288.3,1503860428,1503862228,2017-08-27 19:00:28,0,6.999752,6.391543,1.773297,0.663695,0.066684,0.1266,2.903943,3.534574,0.289867,0.202778,0.625187,-1.759895,-0.780402,1.585904,-1.570735,0.009306,0.051745,4.662542,0.848472,13.542107,0.00194,13386.6
508,288.866,1503862228,1503864028,2017-08-27 19:30:28,0,5.640215,5.053541,1.737742,0.483537,0.08383,0.147051,2.536181,2.967869,0.254161,0.282778,0.849488,-0.633044,0.549591,3.148299,2.121653,0.011787,0.051522,4.733834,0.888611,11.662403,0.001938,13939.8
509,289.504,1503864028,1503865828,2017-08-27 20:00:28,0,7.644305,7.049906,1.773187,0.559643,0.071244,0.122046,2.868963,3.444085,0.286284,0.257222,0.672415,-0.947382,-0.082996,1.735779,-1.810736,0.011152,0.042891,4.13273,0.697917,10.330081,0.001936,12137.5
510,290.061,1503865828,1503867628,2017-08-27 20:30:28,0,5.087422,4.494375,1.662763,0.620539,0.093247,0.141635,2.617415,3.096305,0.261954,0.209861,0.628747,-0.999247,0.161564,1.060424,0.319494,0.015771,0.04975,4.340612,0.855,7.92199,0.001934,14246.6
511,290.61,1503867628,1503869428,2017-08-27 21:00:28,0,5.035163,4.487002,1.527485,0.672388,0.073308,0.107236,2.302251,2.762783,0.230418,0.403333,0.516583,-0.508576,-0.11322,0.159778,0.44859,0.011063,0.044624,3.885427,0.835139,5.166029,0.001932,14253.0
512,291.228,1503869428,1503871228,2017-08-27 21:30:28,0,6.838453,6.225902,1.761652,0.688503,0.077373,0.112195,3.177845,3.624839,0.317784,0.223472,0.540879,-3.287621,-0.083979,0.608994,-0.00546,0.010136,0.03971,3.785858,0.657778,6.075975,0.00193,12648.8
513,291.767,1503871228,1503873028,2017-08-27 22:00:28,0,5.746001,5.145514,1.791878,0.621616,0.064199,0.103775,2.709788,3.142231,0.271231,0.213472,0.733186,-1.267801,0.299552,1.739189,0.928743,0.010495,0.043155,3.786965,0.724722,5.647287,0.001928,14527.4
514,292.314,1503873028,1503874828,2017-08-27 22:30:28,0,7.826662,7.238955,1.807398,0.688925,0.032728,0.064405,2.832304,3.244464,0.283758,0.292222,0.719662,-1.205855,0.167879,1.436688,0.641151,0.008683,0.04917,3.53118,0.794722,6.997169,0.001925,14385.5
515,292.887,1503874828,1503876628,2017-08-27 23:00:28,0,6.844056,6.272791,1.654189,0.642919,0.066993,0.105414,2.796243,3.223779,0.280181,0.250139,0.70141,-0.294451,0.253274,1.707821,1.298065,0.007519,0.03896,3.597867,0.754583,8.13369,0.001923,13666.0
516,293.505,1503876628,1503878428,2017-08-27 23:30:28,0,4.714977,4.191647,1.482493,0.742533,0.043259,0.076856,2.312798,2.659496,0.231594,0.274444,0.670169,-1.608886,0.075461,0.940021,0.577455,0.005733,0.039173,3.542889,0.870139,6.252698,0.001921,12556.9
517,294.049,1503878428,1503880228,2017-08-28 00:00:28,0,9.528058,8.843853,2.082153,0.800733,0.050561,0.066104,3.514574,3.860652,0.351397,0.371528,0.466222,-1.870478,-0.20896,-0.445957,-0.232331,0.00416,0.0333,3.407719,0.598889,8.008364,0.001918,14461.6
518,294.617,1503880228,1503882028,2017-08-28 00:30:28,0,6.032038,5.492933,1.656038,0.585063,0.036112,0.078344,2.729591,3.160709,0.273292,0.296944,0.608164,0.00658,0.083362,1.773504,1.008507,0.004632,0.030711,3.483202,0.685972,9.98561,0.001916,13727.5
519,295.179,1503882028,1503883828,2017-08-28 01:00:28,0,8.161278,7.554737,1.823464,0.668964,0.054802,0.087242,3.618701,4.079926,0.362408,0.128194,0.434344,-1.472808,0.099597,-0.3843,0.815286,0.007783,0.039597,3.467316,0.557222,6.339478,0.001914,13963.8
520,295.726,1503883828,1503885628,2017-08-28 01:30:28,0,12.545718,11.69212,2.934514,0.576284,0.034253,0.064879,4.194763,4.745494,0.417901,0.180833,0.885786,-2.376925,0.203027,4.112137,-3.376814,0.003263,0.036442,3.453599,0.628611,5.849142,0.001911,14301.3
521,296.322,1503885628,1503887428,2017-08-28 02:00:28,0,13.877422,12.980043,2.961199,0.708081,0.051238,0.100616,5.09594,5.611548,0.507935,0.199722,0.580803,-2.399181,0.234798,1.607258,-2.422903,0.007166,0.047744,3.543498,0.454722,7.892741,0.001909,13141.5
522,296.891,1503887428,1503889228,2017-08-28 02:30:28,0,9.651907,8.904281,2.37602,0.656265,0.060404,0.094695,4.063816,4.688384,0.405456,0.1725,0.458302,-1.420692,-0.046507,0.228103,-2.129843,0.009133,0.04853,3.386579,0.519028,7.276482,0.001906,13785.3
523,297.473,1503889228,1503891028,2017-08-28 03:00:28,0,9.056825,8.431699,2.048454,0.537747,0.030602,0.069945,3.959733,4.711638,0.39549,0.21625,0.799945,-0.125661,0.232804,3.183272,-1.56898,0.005333,0.0478,3.449811,0.456667,9.026529,0.001904,13467.8
524,298.02,1503891028,1503892828,2017-08-28 03:30:28,0,7.818869,7.213746,1.868297,0.618219,0.042575,0.098858,3.280031,3.777565,0.328155,0.194583,0.63388,-1.666943,-0.253768,1.428029,-0.246259,0.006444,0.045728,3.492764,0.626667,5.296003,0.001901,14482.0
525,298.623,1503892828,1503894628,2017-08-28 04:00:28,0,23.709909,22.271357,5.182227,0.709608,0.035138,0.07736,7.070886,8.103535,0.712327,0.146944,0.463113,-2.959443,0.083642,-1.104987,6.870708,0.005012,0.041821,3.494814,0.425694,11.534392,0.001899,13046.1
526,299.172,1503894628,1503896428,2017-08-28 04:30:28,0,15.417295,14.583234,2.832586,0.573575,0.040804,0.076983,5.10514,5.873556,0.510411,0.135278,0.698393,-0.301067,0.110691,3.939884,-0.643267,0.005099,0.042339,3.383587,0.52,9.721939,0.001896,14355.6
527,299.776,1503896428,1503898228,2017-08-28 05:00:28,0,13.294926,12.602743,2.216959,0.600679,0.045077,0.103972,4.55948,5.208997,0.455348,0.286389,0.581678,-0.939099,0.051126,2.042634,-0.216425,0.003892,0.033833,4.504543,0.636944,5.415678,0.001893,12880.9
528,300.317,1503898228,1503900028,2017-08-28 05:30:28,0,31.263014,29.157072,7.798489,0.732191,0.044485,0.099004,10.206901,11.621978,1.02878,0.103472,0.472763,-3.660351,0.002026,1.267577,9.50223,0.00468,0.035871,4.015899,0.268889,14.550842,0.001891,14532.0
529,300.866,1503900028,1503901828,2017-08-28 06:00:28,0,22.699221,21.55744,3.980177,0.693729,0.044306,0.08047,7.201976,8.315675,0.717,0.118056,0.592996,-2.553518,-0.058309,2.321968,-3.292348,0.004295,0.044399,3.844254,0.476389,8.93701,0.001888,14373.3
530,301.414,1503901828,1503903628,2017-08-28 06:30:28,0,6.895759,6.270681,1.969317,0.545131,0.049562,0.106209,2.932433,3.545867,0.293179,0.303333,0.734103,-0.574396,0.163296,1.630704,-0.153509,0.003448,0.028476,5.547386,0.8625,7.496835,0.001885,14356.0
531,302.01,1503903628,1503905428,2017-08-28 07:00:28,0,14.110781,13.351731,2.459317,0.653876,0.047436,0.088388,5.654257,6.542933,0.564799,0.093889,0.41831,-3.897296,-0.099073,-0.034751,-0.261699,0.004128,0.020518,4.68987,0.49125,5.114415,0.001882,13096.2
532,302.569,1503905428,1503907228,2017-08-28 07:30:28,0,11.45394,10.788111,2.087638,0.599806,0.057416,0.097501,4.911992,5.66739,0.489376,0.078056,0.755542,-1.12531,0.123752,3.166702,-4.428122,0.004937,0.032618,5.57986,0.660694,15.277152,0.001879,14075.0
533,303.146,1503907228,1503909028,2017-08-28 08:00:28,0,8.023141,7.33097,2.155654,0.635398,0.058417,0.114483,3.112065,3.803564,0.311096,0.279306,0.566763,-0.233376,0.044106,0.286394,-0.398408,0.005339,0.026198,6.699918,0.81,8.805119,0.001877,13644.2
534,303.706,1503909028,1503910828,2017-08-28 08:30:28,0,9.393162,8.69152,2.282992,0.612427,0.037018,0.084093,3.957146,4.752498,0.395172,0.130278,0.723621,-0.361049,0.196276,2.157049,-0.400453,0.004572,0.030741,5.161645,0.761944,8.00795,0.001874,14040.0
535,304.367,1503910828,1503912628,2017-08-28 09:00:28,0,11.638615,10.980613,2.075497,0.632954,0.042201,0.094324,4.524082,5.158973,0.452,0.245694,0.562528,-1.816665,0.017297,3.258107,-0.315848,0.003011,0.027035,6.401347,0.710139,7.856297,0.001871,11724.0
536,304.923,1503912628,1503914428,2017-08-28 09:30:28,0,8.90354,8.244183,2.099723,0.678532,0.030207,0.072614,3.806623,4.390206,0.380379,0.160556,0.350276,-1.076239,-0.095972,-1.319795,-0.774305,0.002007,0.020705,5.521995,0.610694,5.850452,0.001868,14117.5
537,305.494,1503914428,1503916228,2017-08-28 10:00:28,0,10.74016,9.994898,2.439721,0.557238,0.050176,0.108203,4.669855,5.255791,0.465391,0.142778,0.634007,-4.290151,0.009179,2.558381,-3.19641,0.003216,0.023847,6.973876,0.670417,10.33324,0.001865,13735.3
538,306.043,1503916228,1503918028,2017-08-28 10:30:28,0,12.670197,11.889903,2.541238,0.554693,0.05881,0.132472,5.479142,6.311474,0.545887,0.1625,0.61915,-3.197639,0.042992,2.389885,-4.263871,0.002878,0.024561,8.394151,0.763056,13.325987,0.001862,14349.3
539,306.695,1503918028,1503919828,2017-08-28 11:00:28,0,21.123665,20.306753,2.689849,0.499376,0.066926,0.146934,8.391085,9.437517,0.833063,0.116806,0.745061,-2.852672,0.124047,5.95478,-7.832353,0.003815,0.030082,9.066517,0.580972,18.380169,0.001859,11889.2
540,307.3,1503919828,1503921628,2017-08-28 11:30:28,0,36.699837,35.219364,5.206239,0.637031,0.080575,0.175083,10.550541,11.76823,1.067965,0.102083,0.631815,-1.932824,0.040769,6.058113,8.548485,0.006642,0.032238,8.67493,0.669028,29.308292,0.001856,12921.8
541,308.033,1503921628,1503923428,2017-08-28 12:00:28,0,18.370039,17.247356,3.942462,0.562955,0.051251,0.109371,6.375133,7.581314,0.639784,0.111389,0.61643,0.03312,0.092163,0.3436,1.397666,0.00375,0.028793,6.49012,0.65625,9.866446,0.001853,10678.5
542,308.63,1503923428,1503925228,2017-08-28 12:30:28,0,13.789029,13.031893,2.380253,0.597394,0.072361,0.145237,4.853916,5.809234,0.485263,0.195972,0.683829,-0.38561,0.011675,3.669942,1.178918,0.004665,0.026358,7.672631,0.700417,10.24024,0.001849,13277.7
543,309.271,1503925228,1503927028,2017-08-28 13:00:28,0,8.173102,7.51135,2.132438,0.431603,0.061818,0.134061,4.474918,5.389175,0.445818,0.125139,0.830839,-1.763598,0.245574,4.119512,-3.932493,0.00278,0.022244,8.527732,0.944583,17.030643,0.001846,12124.1
544,309.885,1503927028,1503928828,2017-08-28 13:30:28,0,10.782755,9.958049,2.370617,0.942126,0.087514,0.191119,3.71011,4.267244,0.371157,0.159722,0.455353,-3.986747,-0.616847,0.359589,1.14994,0.004623,0.022989,9.869345,0.9325,15.844499,0.001843,12730.0
545,310.479,1503928828,1503930628,2017-08-28 14:00:28,0,16.204615,15.273085,2.789635,0.949785,0.098442,0.162949,5.544129,6.261865,0.556926,0.158472,0.37237,-3.593107,-0.256323,-2.307901,5.351348,0.004566,0.028863,7.998947,0.694861,18.595448,0.00184,13192.5
546,311.064,1503930628,1503932428,2017-08-28 14:30:28,0,7.09334,6.413479,2.119706,0.549648,0.062479,0.150003,2.657135,3.327869,0.26621,0.375833,0.681574,-0.143973,0.224542,1.007067,1.184437,0.004057,0.030173,7.003877,0.848333,10.724525,0.001837,13380.6
547,311.63,1503932428,1503934228,2017-08-28 15:00:28,0,7.465325,6.713309,2.248683,0.709134,0.082462,0.169988,2.765409,3.321328,0.277111,0.262222,0.514541,-1.457864,-0.28243,-0.284909,2.080026,0.00352,0.022819,8.909704,0.890139,18.3139,0.001833,13820.1
548,312.198,1503934228,1503936028,2017-08-28 15:30:28,0,5.7418,5.09691,1.926537,0.712301,0.053232,0.122355,2.77509,3.216835,0.277745,0.251389,0.533329,-2.833196,-0.411575,0.819345,1.12295,0.003261,0.027017,6.673701,0.881944,6.780596,0.00183,13796.7
549,312.794,1503936028,1503937828,2017-08-28 16:00:28,0,7.250901,6.603432,2.0495,0.478737,0.059443,0.138087,3.248034,3.898,0.32412,0.261806,0.797467,-1.726463,0.073837,3.425509,-1.810326,0.003424,0.026156,7.529102,0.913194,8.303359,0.001827,13054.1
550,313.372,1503937828,1503939628,2017-08-28 16:30:28,0,6.774754,6.053427,2.19802,0.579342,0.080942,0.181778,2.948449,3.522567,0.294378,0.232222,0.620104,-1.482274,0.118447,1.607491,-1.032165,0.004144,0.029024,8.563954,0.894167,10.976577,0.001823,13544.2
551,313.966,1503939628,1503941428,2017-08-28 17:00:28,0,17.617477,16.788794,2.625132,0.714203,0.061994,0.140368,6.32639,6.830028,0.63058,0.092778,0.609725,-5.361558,-0.436201,3.973399,-2.780711,0.006098,0.031894,7.605194,0.611111,13.365133,0.00182,13419.7
552,314.552,1503941428,1503943228,2017-08-28 17:30:28,0,9.852499,9.156018,2.050756,0.658152,0.09079,0.15298,3.948275,4.506906,0.394336,0.102917,0.433476,-1.604075,-1.169548,0.654396,-0.712543,0.006473,0.034719,7.598147,0.860417,11.801072,0.001817,13307.7
553,315.136,1503943228,1503945028,2017-08-28 18:00:28,0,10.907901,10.127536,2.460531,0.622863,0.06701,0.157986,4.338061,5.120272,0.435668,0.305417,0.721119,-0.608549,0.314728,1.22792,3.193106,0.005948,0.030768,8.794824,0.781806,10.635985,0.001813,13358.0
554,315.696,1503945028,1503946828,2017-08-28 18:30:28,0,10.005493,9.229856,2.314657,0.810781,0.074678,0.152739,4.732752,5.3429,0.474809,0.028611,0.404111,-3.984856,-0.636347,-0.186298,4.534159,0.005772,0.032913,7.860192,0.758056,16.618692,0.00181,14049.3
555,316.262,1503946828,1503948628,2017-08-28 19:00:28,0,8.49357,7.843143,2.001308,0.680991,0.048784,0.093405,3.612649,4.184042,0.361597,0.147361,0.550491,-5.167299,-0.04965,0.689274,1.771007,0.004657,0.032226,5.245223,0.685,9.233635,0.001806,13843.3
556,316.815,1503948628,1503950428,2017-08-28 19:30:28,0,8.92547,8.230344,2.176202,0.641725,0.057036,0.102979,3.938794,4.318275,0.394939,0.133889,0.572353,-2.753296,0.120903,1.419747,3.07801,0.005642,0.023142,6.030029,0.717639,9.137769,0.001803,14173.9
557,317.369,1503950428,1503952228,2017-08-28 20:00:28,0,3.559567,3.017578,1.631168,0.649316,0.035941,0.076173,1.82665,2.214906,0.182878,0.419722,0.656426,-0.757919,-0.193346,0.486038,0.919034,0.003669,0.024632,4.9941,0.938056,7.446903,0.001799,14117.2
558,317.933,1503952228,1503954028,2017-08-28 20:30:28,0,4.408478,3.894042,1.620642,0.568123,0.021501,0.055781,1.873775,2.332767,0.187255,0.42625,0.832843,-0.556788,0.363028,1.739922,-0.549779,0.002857,0.02429,4.071356,0.822639,6.316253,0.001795,13847.1
559,318.51,1503954028,1503955828,2017-08-28 21:00:28,0,7.323088,6.670736,1.998863,0.641335,0.055083,0.116927,3.347069,3.884477,0.335179,0.151806,0.489257,-0.981506,-0.502516,-0.40443,1.768456,0.005614,0.029657,5.734164,0.769583,14.446119,0.001792,13608.0
560,319.059,1503955828,1503957628,2017-08-28 21:30:28,0,5.568881,4.976071,1.911153,0.510721,0.036879,0.081427,2.427647,3.209042,0.242346,0.414722,0.754465,0.095717,0.234288,2.112537,-1.086148,0.003947,0.02887,5.104495,0.831528,5.940674,0.001788,14285.5
561,319.618,1503957628,1503959428,2017-08-28 22:00:28,0,9.143188,8.474844,2.138298,0.602513,0.041127,0.093579,3.717527,4.251722,0.370832,0.17625,0.607868,-1.474966,0.239706,0.02756,-1.736821,0.004061,0.02877,5.160721,0.684861,6.037848,0.001784,13990.8
562,320.176,1503959428,1503961228,2017-08-28 22:30:28,0,10.631265,9.830139,2.610967,0.596965,0.061419,0.109943,4.016201,4.566046,0.400827,0.206528,0.688647,-2.971095,0.183422,1.702415,-1.13082,0.006326,0.029653,6.035496,0.753194,7.669371,0.001781,14064.6
563,320.811,1503961228,1503963028,2017-08-28 23:00:28,0,7.27322,6.661822,1.895712,0.619387,0.043937,0.090999,3.277645,3.778011,0.327634,0.163194,0.660669,-1.349057,0.210469,1.361505,-0.071295,0.005604,0.03157,5.447744,0.804583,14.428808,0.001777,12228.7
564,321.373,1503963028,1503964828,2017-08-28 23:30:28,0,6.176442,5.569575,1.85614,0.593987,0.059792,0.089291,2.562278,3.218248,0.255769,0.364861,0.711028,0.116954,0.245814,1.007343,-1.427081,0.005472,0.030138,5.442862,0.792778,8.008492,0.001773,13926.5
565,322.064,1503964828,1503966628,2017-08-29 00:00:28,0,20.484156,19.201447,4.604116,0.55344,0.04576,0.10604,7.35806,8.117823,0.736369,0.108333,0.66497,-3.962151,0.194381,1.649463,0.008228,0.004991,0.038031,6.284009,0.539306,8.446371,0.001769,11155.1
566,322.709,1503966628,1503968428,2017-08-29 00:30:28,0,9.582939,8.967461,1.886716,0.637017,0.047968,0.097332,3.421903,4.521514,0.342848,0.289583,0.749294,-0.21652,0.262476,2.717688,0.25931,0.006833,0.049061,5.052938,0.746806,11.900084,0.001766,12179.8
567,323.326,1503968428,1503970228,2017-08-29 01:00:28,0,7.629218,6.978148,2.054684,0.628725,0.042601,0.087644,3.177548,3.798004,0.31769,0.265694,0.602142,-1.065362,0.116821,0.242979,0.764939,0.005765,0.044385,5.204589,0.733889,9.569593,0.001762,12641.5
568,323.917,1503970228,1503972028,2017-08-29 01:30:28,0,17.093193,16.03339,3.745486,0.555018,0.041467,0.076503,5.975541,7.450344,0.599754,0.136944,0.641704,-0.746057,0.190242,2.641105,3.128118,0.005078,0.040845,5.110433,0.640972,10.44571,0.001758,13205.3
569,324.505,1503972028,1503973828,2017-08-29 02:00:28,0,22.647362,21.533504,3.899893,0.551533,0.055021,0.115712,7.731896,8.929067,0.769179,0.09125,0.779197,-0.756311,0.213568,6.552562,-4.061115,0.005881,0.040031,5.861595,0.433056,16.851442,0.001754,13298.8
570,325.076,1503973828,1503975628,2017-08-29 02:30:28,0,11.963406,11.223809,2.264214,0.646184,0.076174,0.154558,4.617299,5.555431,0.460472,0.114306,0.655183,-1.080832,0.189277,2.562957,-2.566101,0.006415,0.037203,6.078348,0.668056,14.77002,0.00175,13769.2
571,325.642,1503975628,1503977428,2017-08-29 03:00:28,0,10.366807,9.666475,2.117544,0.679746,0.068809,0.138489,3.832211,4.55615,0.382653,0.188333,0.577866,-0.703268,0.057385,1.193852,-0.425365,0.006084,0.045034,5.615222,0.701389,6.852675,0.001746,13893.2
572,326.201,1503977428,1503979228,2017-08-29 03:30:28,0,4.067053,3.525267,1.718585,0.488412,0.036437,0.08508,2.100621,2.671959,0.209802,0.279583,0.770731,0.316665,0.378413,2.268132,-0.851238,0.006286,0.037848,5.187196,0.937222,7.104667,0.001742,14031.9
573,326.798,1503979228,1503981028,2017-08-29 04:00:28,0,5.970782,5.36966,1.841589,0.645448,0.044107,0.087221,3.083232,3.557243,0.308671,0.176389,0.4488,-1.107242,-0.345994,-0.486446,1.104141,0.004759,0.030073,4.79688,0.726528,9.029375,0.001738,13058.5
574,327.383,1503981028,1503982828,2017-08-29 04:30:28,0,4.241783,3.7189,1.641977,0.592635,0.022107,0.051141,2.139244,2.485294,0.213845,0.309583,0.667739,-0.511661,0.290096,1.46083,-0.250809,0.003587,0.028914,4.296353,0.860972,4.648983,0.001734,13424.4
575,327.963,1503982828,1503984628,2017-08-29 05:00:28,0,3.908338,3.386403,1.651066,0.511126,0.030932,0.069701,1.81485,2.404165,0.181277,0.434861,0.699786,-0.612555,0.201471,1.385388,-0.513773,0.003255,0.026994,4.441757,0.915,5.284436,0.00173,13435.8
576,328.566,1503984628,1503986428,2017-08-29 05:30:28,0,3.878215,3.328069,1.680516,0.588627,0.041399,0.084415,1.871093,2.223779,0.187275,0.340278,0.611342,-0.273617,0.381411,1.29533,0.836435,0.005921,0.029825,4.9118,0.967778,6.139978,0.001726,12875.7
577,329.149,1503986428,1503988228,2017-08-29 06:00:28,0,7.782551,7.186845,1.828133,0.721798,0.030248,0.061269,3.21805,3.611344,0.322415,0.197639,0.506751,-1.327216,0.056295,0.299832,2.055959,0.003768,0.024373,4.452966,0.757639,9.490652,0.001722,13429.5
578,329.741,1503988228,1503990028,2017-08-29 06:30:28,0,6.327337,5.746673,1.80279,0.548795,0.050696,0.086145,2.998421,3.664643,0.299922,0.233194,0.609717,-0.667168,-0.27417,0.697214,0.735988,0.007064,0.03639,4.785698,0.712917,6.665162,0.001718,13236.9
579,330.306,1503990028,1503991828,2017-08-29 07:00:28,0,6.902952,6.291594,1.905155,0.524564,0.057843,0.108398,3.641438,4.195787,0.364706,0.093472,0.70123,-0.888337,0.238777,2.416276,1.984752,0.0071,0.033662,5.236517,0.777361,9.73066,0.001713,13854.8
580,330.854,1503991828,1503993628,2017-08-29 07:30:28,0,9.185644,8.521455,2.041198,0.626845,0.063991,0.10734,4.094667,4.776944,0.409778,0.129167,0.55745,-5.827985,0.161822,0.863424,0.645326,0.006929,0.031858,5.085958,0.64625,6.451018,0.001709,14321.7
581,331.419,1503993628,1503995428,2017-08-29 08:00:28,0,5.318541,4.728424,1.832206,0.533028,0.055038,0.095443,2.834117,3.366872,0.283548,0.220278,0.697045,-0.31862,0.202756,1.987127,0.235065,0.006457,0.034678,4.936169,0.777361,6.425639,0.001705,13870.7
582,331.976,1503995428,1503997228,2017-08-29 08:30:28,0,5.833049,5.262078,1.772132,0.565547,0.043335,0.085521,3.00648,3.522632,0.300502,0.239722,0.692165,-0.074325,0.341504,2.229766,-0.333963,0.00706,0.0361,4.869513,0.866528,7.903684,0.001701,14150.4
583,332.542,1503997228,1503999028,2017-08-29 09:00:28,0,7.764031,7.129982,1.979769,0.591268,0.049226,0.104404,3.385094,3.950249,0.339173,0.195417,0.738362,-1.330881,0.422003,2.972133,2.537818,0.006857,0.04085,5.009808,0.726528,12.251641,0.001697,13859.3
584,333.106,1503999028,1504000828,2017-08-29 09:30:28,0,3.080446,2.544507,1.645737,0.441358,0.060891,0.108834,2.037716,2.480326,0.203977,0.336528,0.795351,0.151784,0.353312,2.184931,0.914234,0.008856,0.047142,4.797968,0.906944,4.169151,0.001692,14003.3
585,333.696,1504000828,1504002628,2017-08-29 10:00:28,0,8.299025,7.66359,1.983905,0.603929,0.050416,0.093096,3.42347,4.042085,0.342572,0.284583,0.643729,-2.733029,0.069059,0.772223,0.23304,0.007167,0.04324,4.542437,0.671944,6.223602,0.001688,13223.1
586,334.247,1504002628,1504004428,2017-08-29 10:30:28,0,9.340446,8.649718,2.216835,0.528441,0.055585,0.119505,3.730908,4.256298,0.373933,0.147639,0.719357,-0.744793,0.394489,2.718782,1.894889,0.008637,0.053267,4.77916,0.7475,11.18122,0.001684,14289.8
587,334.783,1504004428,1504006228,2017-08-29 11:00:28,0,11.109449,10.375128,2.369899,0.53676,0.061386,0.122503,3.787943,5.084096,0.380347,0.22875,0.563117,-0.677649,-0.052079,0.021432,2.319695,0.010518,0.049278,4.478514,0.744167,12.844499,0.001679,14653.9
588,335.338,1504006228,1504008028,2017-08-29 11:30:28,0,26.430378,25.05797,4.797098,0.718256,0.065098,0.131679,9.467867,10.112126,0.951019,0.035139,0.531984,-6.978616,0.228427,0.864156,5.189164,0.009506,0.05349,4.521111,0.305833,17.381584,0.001675,14174.3
589,335.899,1504008028,1504009828,2017-08-29 12:00:28,0,10.351954,9.626322,2.160466,0.738945,0.080515,0.13182,4.375478,5.204216,0.437961,0.130694,0.533572,-1.099054,-0.18541,1.075101,0.652382,0.01162,0.058957,4.461052,0.559861,6.413665,0.001671,14050.7
590,336.452,1504009828,1504011628,2017-08-29 12:30:28,0,19.428699,18.429323,3.207088,0.863255,0.071135,0.127181,6.797389,7.688687,0.679057,0.148889,0.488208,-3.960127,-1.430704,1.202481,-0.979622,0.011396,0.063904,4.394621,0.358333,11.239505,0.001666,14264.7
591,337.013,1504011628,1504013428,2017-08-29 13:00:28,0,12.812415,12.042365,2.293236,0.895721,0.067344,0.109884,4.87586,5.538798,0.486335,0.074028,0.442386,-5.411182,-0.974369,0.774414,-2.723626,0.009911,0.06086,4.400956,0.502361,11.842069,0.001662,14006.6
592,337.621,1504013428,1504015228,2017-08-29 13:30:28,0,32.033955,30.218178,6.476123,0.89137,0.062542,0.127583,8.863313,9.926281,0.876615,0.143194,0.537731,-5.410654,-1.021365,-0.766869,-8.042006,0.01026,0.063507,4.256343,0.507361,20.148083,0.001657,12856.9
593,338.235,1504015228,1504017028,2017-08-29 14:00:28,0,17.699396,16.820366,2.775167,0.633615,0.089712,0.181843,5.984572,7.073948,0.595364,0.146528,0.708868,-1.758642,-0.061668,4.228683,-3.892347,0.010888,0.054676,4.57151,0.5075,16.349817,0.001653,12680.3
594,338.854,1504017028,1504018828,2017-08-29 14:30:28,0,6.419702,5.765966,1.945468,0.637862,0.071054,0.145282,3.124771,3.706025,0.311773,0.273472,0.651201,-1.191054,0.051574,1.101619,-2.100451,0.010088,0.048712,4.570974,0.690694,10.387259,0.001648,12748.4
595,339.413,1504018828,1504020628,2017-08-29 15:00:28,0,16.225494,15.257644,3.256983,0.737151,0.043107,0.085842,5.840968,6.630139,0.585036,0.112361,0.487362,-4.958025,-0.587497,2.274371,-0.136402,0.008147,0.059149,4.008937,0.450278,9.505131,0.001644,14079.3
596,339.973,1504020628,1504022428,2017-08-29 15:30:28,0,7.942859,7.317416,1.981166,0.507137,0.053077,0.111172,3.234216,3.92889,0.323481,0.199444,0.659164,-0.707324,-0.304075,2.034978,-1.021038,0.007405,0.05037,4.486656,0.762778,10.744333,0.001639,14040.2
597,341.14,1504022428,1504024228,2017-08-29 16:00:28,0,11.233475,10.511792,2.300239,0.617128,0.057899,0.09657,4.564894,5.403145,0.456435,0.146389,0.723277,-1.621167,-0.041004,2.980513,-0.416559,0.008405,0.042025,4.457343,0.478889,7.798865,0.001634,6430.6
598,341.683,1504024228,1504026028,2017-08-29 16:30:28,0,8.393388,7.76623,2.030987,0.410908,0.058151,0.114427,3.577375,4.28396,0.358494,0.207778,0.888079,-0.296838,0.491881,4.830282,2.052733,0.009343,0.049462,4.755252,0.683889,10.433081,0.00163,14477.8
599,342.286,1504026028,1504027828,2017-08-29 17:00:28,0,8.484353,7.865201,1.894573,0.684894,0.041749,0.088631,3.651642,4.149706,0.36511,0.198056,0.569596,-2.499762,-0.1369,0.466486,-0.271174,0.005992,0.034539,4.424844,0.620694,9.66245,0.001625,12927.2
600,342.89,1504027828,1504029628,2017-08-29 17:30:28,0,5.55091,4.97108,1.79811,0.611103,0.036645,0.083249,2.519679,3.056102,0.251717,0.264167,0.619403,-0.830871,-0.190912,0.547577,-1.073949,0.005202,0.044394,4.908539,0.838611,9.244676,0.001621,12943.4
601,343.525,1504029628,1504031428,2017-08-29 18:00:28,0,7.289492,6.670836,1.882722,0.661851,0.048911,0.096759,3.559094,4.04141,0.355183,0.093611,0.49949,-3.083048,-0.398762,1.014597,-2.938245,0.007779,0.041561,4.876455,0.740972,11.19136,0.001616,12214.3
602,344.127,1504031428,1504033228,2017-08-29 18:30:28,0,7.103468,6.485525,1.891036,0.656365,0.047581,0.090907,3.59728,3.970124,0.359434,0.071111,0.399379,-2.303601,-0.105328,0.029074,-1.351365,0.007254,0.040513,5.073319,0.692222,11.34369,0.001611,12902.8
603,344.706,1504033228,1504035028,2017-08-29 19:00:28,0,2.780113,2.250309,1.658454,0.476916,0.043843,0.086734,1.542264,1.885334,0.154072,0.420833,0.747438,0.044411,0.252346,1.289281,-0.91803,0.007591,0.040279,5.011811,0.990139,5.315379,0.001607,13609.9
604,345.246,1504035028,1504036828,2017-08-29 19:30:28,0,5.388726,4.818602,1.752413,0.627166,0.039384,0.071579,2.791727,3.131952,0.278994,0.139861,0.610896,-1.803313,-0.102955,1.328773,-0.751399,0.005564,0.036663,4.639692,0.823333,5.518006,0.001602,14517.2
605,345.785,1504036828,1504038628,2017-08-29 20:00:28,0,8.06351,7.451152,1.950953,0.652586,0.025088,0.058392,3.593344,4.154695,0.358644,0.164444,0.561622,-1.161208,-0.155074,0.360347,-1.6609,0.004501,0.029974,4.402478,0.712778,7.403374,0.001597,14579.1
606,346.329,1504038628,1504040428,2017-08-29 20:30:28,0,4.946626,4.396753,1.741073,0.452015,0.04475,0.099761,2.771977,3.207809,0.277091,0.216389,0.812064,0.019296,0.555017,3.306724,0.184831,0.005085,0.035297,5.266224,0.9375,13.472528,0.001592,14429.8
607,346.865,1504040428,1504042228,2017-08-29 21:00:28,0,6.896455,6.327858,1.77348,0.600897,0.032045,0.079325,2.948782,3.321335,0.294231,0.246944,0.607045,-0.925564,-0.175247,1.497725,-1.690467,0.003861,0.030198,4.820938,0.834306,8.651008,0.001587,14613.3
608,347.407,1504042228,1504044028,2017-08-29 21:30:28,0,4.440865,3.89876,1.711529,0.553597,0.029424,0.067642,2.377019,3.023957,0.237446,0.249861,0.644347,-0.425893,-0.139739,1.111569,-0.897146,0.004429,0.037496,4.739258,0.826389,6.800786,0.001583,14447.4
609,347.974,1504044028,1504045828,2017-08-29 22:00:28,0,6.604581,6.004726,1.856891,0.614042,0.040573,0.095905,2.501142,3.236448,0.250372,0.284583,0.63954,-2.687641,-0.043379,0.144246,0.329531,0.005422,0.036463,5.088535,0.825833,12.066079,0.001578,13756.8
610,348.532,1504045828,1504047628,2017-08-29 22:30:28,0,5.050527,4.50535,1.752568,0.48698,0.031384,0.075785,2.548459,3.127907,0.255239,0.281389,0.670753,-0.507108,0.08092,1.856783,0.894435,0.004984,0.030795,4.792197,0.814861,6.492344,0.001573,14017.5
611,349.098,1504047628,1504049428,2017-08-29 23:00:28,0,3.883995,3.333374,1.721812,0.565894,0.03172,0.081258,2.169781,2.647944,0.216762,0.238472,0.663502,-1.136392,0.219355,1.232789,-1.332804,0.003556,0.023309,4.910931,0.916389,6.996021,0.001568,13763.7
612,349.79,1504049428,1504051228,2017-08-29 23:30:28,0,8.034447,7.415409,1.99816,0.515648,0.039573,0.092031,3.433938,3.90118,0.342747,0.231944,0.681198,-0.765156,0.285521,2.607187,-1.299385,0.004786,0.027964,4.878623,0.718333,5.970749,0.001563,11162.4
613,350.38,1504051228,1504053028,2017-08-30 00:00:28,0,9.176497,8.530951,2.016438,0.580362,0.0526,0.114111,3.704495,4.405301,0.371206,0.231667,0.628662,-1.022007,0.0425,0.565161,0.749374,0.00646,0.036073,4.98494,0.70125,7.421001,0.001558,13460.5
614,351.072,1504053028,1504054828,2017-08-30 00:30:28,0,4.195616,3.655675,1.70301,0.40136,0.05193,0.114131,2.332007,2.681334,0.232946,0.255556,0.818156,0.057444,0.392876,2.485257,-0.652566,0.005931,0.031545,4.96287,0.927083,12.214756,0.001553,11119.2
615,351.619,1504054828,1504056628,2017-08-30 01:00:28,0,4.529975,3.984582,1.67273,0.625507,0.029733,0.077722,2.28795,2.569316,0.228756,0.187917,0.546314,-3.111966,-0.063526,1.078312,-0.207295,0.003003,0.026793,4.572959,0.954028,5.307746,0.001548,14325.1
616,352.229,1504056628,1504058428,2017-08-30 01:30:28,0,3.672762,3.147666,1.587327,0.592448,0.038273,0.082167,1.77326,2.096826,0.177366,0.387639,0.770857,-1.160104,0.408962,1.889673,0.420786,0.004412,0.03532,4.354347,0.938611,8.220893,0.001543,12734.0
617,352.848,1504058428,1504060228,2017-08-30 02:00:28,0,6.479042,5.855042,1.829584,0.838326,0.039013,0.087234,2.759619,3.234228,0.27616,0.230417,0.489782,-3.672149,-0.171673,0.057038,0.989692,0.00532,0.032517,4.441971,0.82625,9.382788,0.001538,12674.7
618,353.413,1504060228,1504062028,2017-08-30 02:30:28,0,6.084792,5.514734,1.735794,0.577888,0.049658,0.098158,2.767759,3.179532,0.276776,0.178611,0.626429,-0.905242,0.267701,2.074503,-0.041602,0.008485,0.046226,4.215961,0.774028,10.122052,0.001533,13869.4
619,354.02,1504062028,1504063828,2017-08-30 03:00:28,0,3.008014,2.511079,1.530668,0.523505,0.033291,0.078842,1.565697,1.82095,0.156621,0.419444,0.751703,-0.480882,0.410425,1.354008,0.646578,0.007367,0.044458,4.196619,0.978889,8.880473,0.001528,12825.0
620,354.605,1504063828,1504065628,2017-08-30 03:30:28,0,5.903348,5.310252,1.704122,0.822444,0.042596,0.090707,2.800987,3.080628,0.280622,0.169444,0.403317,-3.36769,-0.803839,-0.352943,2.519754,0.006758,0.031562,4.215964,0.810417,15.546171,0.001523,13709.5
621,355.258,1504065628,1504067428,2017-08-30 04:00:28,0,3.376042,2.878903,1.513257,0.642098,0.020424,0.051281,1.73167,2.134822,0.173161,0.38,0.578414,-1.140128,-0.097064,0.580073,0.023153,0.004362,0.042864,3.950592,0.917361,6.155035,0.001518,12133.3
622,355.809,1504067428,1504069228,2017-08-30 04:30:28,0,6.606347,6.037789,1.789647,0.564484,0.036267,0.073567,2.9092,3.492039,0.290566,0.212222,0.675953,-2.41423,0.039213,1.328771,-1.206832,0.004565,0.033591,3.987883,0.748611,6.312397,0.001513,14243.0
623,356.364,1504069228,1504071028,2017-08-30 05:00:28,0,7.798213,7.09959,2.081057,0.745115,0.064605,0.139144,3.772887,4.151338,0.378126,0.16625,0.56722,-1.76345,-1.077705,0.791383,2.594392,0.007766,0.050299,3.646488,0.484583,21.181068,0.001508,14101.0
624,356.914,1504071028,1504072828,2017-08-30 05:30:28,0,6.388325,5.828829,1.719109,0.641239,0.031989,0.071701,3.031869,3.381888,0.303908,0.219028,0.521672,-2.68728,-0.090922,0.786602,2.417785,0.006199,0.046542,3.961851,0.767361,9.609232,0.001503,14219.2
625,357.515,1504072828,1504074628,2017-08-30 06:00:28,0,7.128834,6.552455,1.83882,0.595804,0.026538,0.056902,2.860117,3.321122,0.285445,0.1975,0.663349,-1.895185,-0.317991,2.219915,-1.583764,0.003435,0.029022,3.811416,0.81125,7.814418,0.001498,12933.2
626,358.195,1504074628,1504076428,2017-08-30 06:30:28,0,5.608874,5.07166,1.655735,0.50462,0.047844,0.094407,2.772098,3.22784,0.277433,0.230972,0.697902,-0.836859,0.248075,1.522943,0.638226,0.007069,0.037944,3.62628,0.760417,7.523451,0.001493,11314.1
627,358.775,1504076428,1504078228,2017-08-30 07:00:28,0,7.827857,7.211371,1.982661,0.545559,0.037915,0.081187,3.432721,3.980303,0.344183,0.218611,0.722248,-5.00262,0.343151,1.785005,2.311709,0.007447,0.047435,3.82926,0.663333,7.001692,0.001488,13536.4
628,359.339,1504078228,1504080028,2017-08-30 07:30:28,0,5.722194,5.160133,1.676799,0.593919,0.057675,0.095837,2.82713,3.592299,0.283337,0.283889,0.563866,-0.513033,0.121212,0.782771,1.896136,0.007337,0.040201,3.760832,0.72375,8.374879,0.001482,13850.4
629,359.936,1504080028,1504081828,2017-08-30 08:00:28,0,6.654371,6.098667,1.777191,0.547341,0.027526,0.063949,3.031406,3.642167,0.303749,0.220833,0.639163,-0.977206,0.108319,0.684987,2.095327,0.004853,0.040436,3.718987,0.697222,8.249172,0.001477,13345.3
630,360.481,1504081828,1504083628,2017-08-30 08:30:28,0,10.428624,9.738099,2.298806,0.525026,0.038186,0.070789,4.389221,5.034422,0.440342,0.224444,0.625725,-2.17774,0.186983,1.322852,3.767226,0.004614,0.039791,3.553008,0.483889,7.810129,0.001472,14397.1
631,361.034,1504083628,1504085428,2017-08-30 09:00:28,0,7.080159,6.513567,1.78583,0.578419,0.032883,0.06821,3.153517,3.632921,0.315961,0.195694,0.66821,-0.28546,0.254336,2.094875,1.819278,0.007352,0.039008,3.744674,0.644583,7.9447,0.001467,14311.3
632,361.583,1504085428,1504087228,2017-08-30 09:30:28,0,9.710277,9.02554,2.22316,0.64236,0.03329,0.063093,3.647946,4.17836,0.366172,0.396667,0.570183,-2.345625,0.308023,-0.990134,3.138267,0.005388,0.045588,3.582469,0.632361,8.339896,0.001461,14317.9
633,362.149,1504087228,1504089028,2017-08-30 10:00:28,0,12.102113,11.302621,2.63992,0.66897,0.040685,0.073776,4.177498,4.570895,0.41967,0.240139,0.635158,-2.399871,0.12061,2.033095,3.839746,0.005677,0.037468,3.718386,0.695139,12.432066,0.001456,13869.6
634,362.715,1504089028,1504090828,2017-08-30 10:30:28,0,9.461851,8.781791,2.192944,0.62984,0.038001,0.072739,3.680167,4.375022,0.368679,0.239167,0.545867,-1.667211,-0.400106,0.840628,1.728858,0.005618,0.037779,3.461818,0.588889,6.19914,0.001451,13818.4
635,363.308,1504090828,1504092628,2017-08-30 11:00:28,0,13.543272,12.627629,3.003595,0.694784,0.067112,0.101292,4.419917,5.187725,0.440144,0.18375,0.555339,-1.946928,0.061827,0.918228,-4.215779,0.008542,0.038422,3.727117,0.544306,15.200269,0.001446,13151.5
636,363.868,1504092628,1504094428,2017-08-30 11:30:28,0,8.562359,7.905285,1.9895,0.592835,0.078054,0.119707,3.708551,4.277473,0.370576,0.201944,0.644502,-3.214684,0.01554,1.913157,-1.222679,0.012805,0.052312,3.766653,0.538056,7.324969,0.00144,13991.8
637,364.424,1504094428,1504096228,2017-08-30 12:00:28,0,16.020353,15.086006,3.046639,0.730923,0.071485,0.100791,5.001214,6.075314,0.501781,0.158056,0.548704,-0.541311,-0.114906,2.049049,0.06,0.011459,0.048073,3.952803,0.557778,9.077739,0.001435,14112.6
638,365.002,1504096228,1504098028,2017-08-30 12:30:28,0,23.247746,21.753004,5.302187,0.651209,0.073374,0.137453,6.885697,8.151164,0.683188,0.0825,0.772605,-3.453719,0.407757,5.418957,-3.891431,0.009936,0.051533,4.228597,0.471528,27.132866,0.00143,13550.1
639,365.571,1504098028,1504099828,2017-08-30 13:00:28,0,7.379631,6.755908,1.802475,0.696062,0.073243,0.123748,3.194079,3.82984,0.319189,0.309444,0.589382,-1.894785,-0.764118,0.945152,-0.16918,0.010071,0.055652,4.200848,0.723194,7.387158,0.001424,13779.0
640,366.137,1504099828,1504101628,2017-08-30 13:30:28,0,7.609995,6.960856,1.821411,0.736432,0.090491,0.145136,3.335596,3.837107,0.332719,0.234028,0.54245,-0.825193,-0.345175,0.195818,-2.856908,0.009948,0.044619,4.039178,0.615417,14.129581,0.001419,13816.0
641,366.706,1504101628,1504103428,2017-08-30 14:00:28,0,4.048789,3.529672,1.562176,0.604001,0.040856,0.067293,2.266686,2.669144,0.226603,0.249444,0.567718,-1.992729,-0.379989,1.196637,-0.399737,0.006615,0.035003,3.9276,0.82625,4.964301,0.001414,13776.4
642,367.28,1504103428,1504105228,2017-08-30 14:30:28,0,5.464439,4.916623,1.684384,0.579392,0.04051,0.077529,2.790897,3.269681,0.278752,0.164028,0.582016,-1.85684,0.029057,1.353315,-1.916813,0.005436,0.032081,3.946823,0.748194,8.208593,0.001408,13605.1
643,367.917,1504105228,1504107028,2017-08-30 15:00:28,0,5.13129,4.578362,1.684699,0.6695,0.031286,0.062786,2.49488,2.91197,0.249667,0.168194,0.480194,-3.404996,-0.049986,0.487433,0.586835,0.005103,0.037643,4.245076,0.861389,6.108173,0.001403,12157.8
644,368.533,1504107028,1504108828,2017-08-30 15:30:28,0,6.308173,5.758314,1.735099,0.479839,0.044918,0.085788,3.188875,3.6491,0.318543,0.159722,0.72617,-2.187817,0.204723,2.35561,-1.381474,0.006509,0.038403,4.249419,0.695,7.413599,0.001397,12794.5
645,369.158,1504108828,1504110628,2017-08-30 16:00:28,0,7.928433,7.296404,2.002196,0.486392,0.060985,0.109652,3.351334,3.771959,0.335564,0.294583,0.768854,-1.50993,0.188555,2.690838,0.405321,0.006804,0.030972,4.168733,0.679028,8.91485,0.001392,12425.0
646,369.739,1504110628,1504112428,2017-08-30 16:30:28,0,5.986227,5.45173,1.677636,0.542168,0.034505,0.065299,2.70467,3.167324,0.269885,0.317917,0.797216,-1.635872,0.237612,1.741591,-2.466413,0.004836,0.037513,4.22281,0.805972,10.428806,0.001386,13419.2
647,370.299,1504112428,1504114228,2017-08-30 17:00:28,0,8.389834,7.781312,1.893911,0.65462,0.039502,0.065751,3.638185,3.956518,0.362915,0.20375,0.515306,-3.55095,-0.084699,0.790847,-2.790963,0.004869,0.035366,4.064312,0.583333,8.47506,0.001381,13997.5
648,370.85,1504114228,1504116028,2017-08-30 17:30:28,0,7.630808,7.01749,1.901841,0.684819,0.034524,0.072097,2.806126,3.442504,0.280065,0.334167,0.675319,-1.090348,0.057948,1.053681,-0.952831,0.003953,0.040293,4.713123,0.802917,6.842856,0.001376,14209.5
649,371.407,1504116028,1504117828,2017-08-30 18:00:28,0,24.161713,22.481655,6.140136,0.630169,0.054403,0.089269,6.830268,7.741397,0.676721,0.339028,0.57601,-1.822251,0.048875,-3.988433,-6.324309,0.006129,0.037351,4.190339,0.678889,12.486485,0.00137,14042.5
650,371.96,1504117828,1504119628,2017-08-30 18:30:28,0,6.017485,5.510414,1.595104,0.502025,0.030354,0.073893,2.372692,3.267194,0.236737,0.402222,0.807649,-0.115881,0.327952,1.979239,-1.057115,0.005811,0.036229,4.24572,0.890694,7.41419,0.001365,14184.9
651,372.645,1504119628,1504121428,2017-08-30 19:00:28,0,5.926409,5.383623,1.699522,0.595768,0.026303,0.063791,2.436271,2.963626,0.243861,0.269167,0.826664,-0.890743,0.172183,2.695545,1.134214,0.004565,0.029492,3.696565,0.788194,8.374827,0.001359,11248.1
652,373.44,1504121428,1504123228,2017-08-30 19:30:28,0,4.710816,4.197886,1.623383,0.525911,0.024936,0.066182,2.30954,2.58687,0.231199,0.266806,0.72199,-0.453828,0.186532,2.253182,0.759476,0.003808,0.027996,3.749446,0.787083,5.734105,0.001354,9905.0
653,374.088,1504123228,1504125028,2017-08-30 20:00:28,0,10.45573,9.743371,2.368742,0.661227,0.020359,0.043875,3.879405,4.548265,0.387438,0.183194,0.564662,-2.697588,0.153016,-0.003385,0.100505,0.002124,0.016142,4.077213,0.642083,7.189913,0.001348,11974.0
654,374.835,1504125028,1504126828,2017-08-30 20:30:28,0,22.848867,22.074183,2.553422,0.661899,0.032896,0.086532,6.67388,7.124086,0.661883,0.267361,0.397221,-4.044636,-0.43801,3.307856,-6.508172,0.004162,0.03607,5.015603,0.622778,15.644667,0.001342,10543.8
655,375.444,1504126828,1504128628,2017-08-30 21:00:28,0,4.600018,4.056496,1.681446,0.652223,0.025625,0.049761,2.162151,2.728743,0.216049,0.359444,0.403708,-0.337605,-0.070415,-0.05329,-0.587466,0.003049,0.026189,4.723035,0.876944,5.892446,0.001337,12840.8
656,376.014,1504128628,1504130428,2017-08-30 21:30:28,0,4.630952,4.101549,1.675729,0.528583,0.027822,0.072453,2.456923,2.731182,0.245714,0.150972,0.60211,-2.213691,0.273859,1.031524,0.093916,0.00377,0.02871,4.482078,0.858472,8.618263,0.001331,13752.2
657,376.566,1504130428,1504132228,2017-08-30 22:00:28,0,4.760675,4.217184,1.667566,0.694284,0.019628,0.053405,2.222775,2.578081,0.222115,0.19625,0.555446,-2.823381,-0.175599,0.510436,-0.79955,0.002063,0.026209,4.320626,0.865556,8.218597,0.001326,14171.7
658,377.126,1504132228,1504134028,2017-08-30 22:30:28,0,4.805917,4.258626,1.687359,0.65712,0.02608,0.056177,2.066336,2.530295,0.20665,0.349028,0.566308,-0.750528,-0.624777,0.244841,-0.01598,0.002675,0.032287,4.6928,0.865139,7.442972,0.00132,13958.2
659,377.77,1504134028,1504135828,2017-08-30 23:00:28,0,5.660966,5.107662,1.762481,0.567813,0.025181,0.062017,2.619991,3.040632,0.262105,0.202361,0.774141,-1.250342,0.193656,2.474967,0.564658,0.003486,0.027019,4.342131,0.789028,11.027419,0.001315,12066.2
660,378.367,1504135828,1504137628,2017-08-30 23:30:28,0,1.931181,1.454164,1.476305,0.554893,0.0236,0.052737,1.503919,1.818538,0.1504,0.412778,0.572058,-0.460435,-0.058821,0.488197,0.242514,0.003526,0.022267,4.210375,0.983611,4.989632,0.001309,13074.8
661,378.943,1504137628,1504139428,2017-08-31 00:00:28,0,3.553242,3.07167,1.519135,0.568457,0.015523,0.036028,1.871921,2.286911,0.18701,0.375556,0.661459,-0.956096,0.104594,0.556332,-0.908027,0.002101,0.019715,3.767109,0.863611,3.517523,0.001303,13626.6
662,379.512,1504139428,1504141228,2017-08-31 00:30:28,0,2.80592,2.27834,1.706305,0.449097,0.031997,0.072205,1.795723,2.186763,0.179607,0.416389,0.730272,-0.118129,0.125728,1.314879,0.111376,0.003414,0.023891,5.380947,0.966944,7.504744,0.001298,13772.2
663,380.112,1504141228,1504143028,2017-08-31 01:00:28,0,2.4957,2.018192,1.475864,0.614672,0.014661,0.037723,1.551834,1.733327,0.15532,0.28,0.640334,-1.322099,-0.040293,0.887578,1.36579,0.001601,0.022003,4.064353,0.976528,7.620206,0.001292,12939.7
664,380.728,1504143028,1504144828,2017-08-31 01:30:28,0,4.364195,3.859233,1.53387,0.703081,0.015056,0.034997,1.856188,2.24924,0.185271,0.402778,0.402737,-0.736761,-0.253164,-0.571465,-1.546534,0.00264,0.026685,3.536075,0.877778,6.810151,0.001286,12580.0
665,381.284,1504144828,1504146628,2017-08-31 02:00:28,0,3.359008,2.817284,1.678714,0.579558,0.037836,0.062046,2.099147,2.490321,0.210099,0.274028,0.42282,-0.954728,-0.242693,0.042825,1.271494,0.003867,0.023466,5.018412,0.920139,6.936892,0.001281,14109.0
666,382.027,1504146628,1504148428,2017-08-31 02:30:28,0,6.086527,5.517414,1.79106,0.625488,0.02861,0.051798,2.954994,3.113065,0.295654,0.092361,0.692076,-5.754762,0.070586,2.061268,-0.254958,0.005608,0.035683,4.305323,0.750417,7.244868,0.001275,10325.6
667,382.612,1504148428,1504150228,2017-08-31 03:00:28,0,7.420658,6.806118,1.896912,0.679297,0.034036,0.08998,2.943212,3.260727,0.295092,0.195278,0.474588,-3.125336,-0.300439,-0.249515,2.585682,0.002704,0.027127,5.080217,0.780694,14.144944,0.00127,13313.9
668,383.218,1504150228,1504152028,2017-08-31 03:30:28,0,5.529594,4.995305,1.669223,0.621193,0.021557,0.054349,2.543473,2.811269,0.254148,0.224861,0.588566,-1.596012,0.17362,1.346491,-0.126695,0.0028,0.029775,4.472207,0.800972,9.456643,0.001264,12807.6
669,384.667,1504152028,1504153828,2017-08-31 04:00:28,0,5.481645,4.921387,1.706127,0.738674,0.02233,0.047633,2.663832,2.953695,0.266355,0.100417,0.368995,-2.704759,-0.302721,-0.665372,-0.686209,0.003715,0.028803,4.346249,0.806806,7.912132,0.001258,5147.9
670,385.28,1504153828,1504155628,2017-08-31 04:30:28,0,8.0446,7.413,1.917217,0.804314,0.030112,0.067905,3.070766,3.569442,0.308103,0.269306,0.419132,-1.42185,-0.304728,-1.00855,2.647596,0.00478,0.036552,4.940878,0.852361,12.260234,0.001252,12696.0
671,385.855,1504155628,1504157428,2017-08-31 05:00:28,0,10.131371,9.51519,1.907723,0.700911,0.031551,0.075915,3.70315,4.225164,0.370933,0.293889,0.495118,-5.745173,-0.429029,1.273527,0.626565,0.005589,0.038606,4.275413,0.705833,9.693786,0.001247,13655.1
672,386.428,1504157428,1504159228,2017-08-31 05:30:28,0,7.089962,6.49898,1.859737,0.603876,0.035746,0.070093,2.8118,3.265487,0.28193,0.385694,0.535414,-1.164868,0.226642,0.260589,2.041194,0.005855,0.036614,4.919543,0.82125,14.683246,0.001241,13647.5
673,387.009,1504159228,1504161028,2017-08-31 06:00:28,0,3.781468,3.270361,1.585155,0.669734,0.013162,0.032307,1.905896,2.314563,0.190864,0.427222,0.421568,-2.504638,-1.14881,-0.534107,1.421898,0.000984,0.020928,4.398937,0.861667,5.920018,0.001235,13409.5
674,387.571,1504161028,1504162828,2017-08-31 06:30:28,0,7.107453,6.534012,1.801824,0.672507,0.021124,0.047172,3.073604,3.376739,0.307871,0.140139,0.586991,-3.113591,-0.056791,0.407589,1.331507,0.004095,0.028163,3.971743,0.700694,7.844457,0.00123,13901.6
675,388.169,1504162828,1504164628,2017-08-31 07:00:28,0,7.810169,7.215233,1.873938,0.646921,0.028373,0.061946,3.228606,3.691145,0.323532,0.218611,0.510793,-4.342295,-0.06404,-0.501933,1.645478,0.003984,0.028696,4.234746,0.773194,8.257262,0.001224,13040.0
676,388.942,1504164628,1504166428,2017-08-31 07:30:28,0,8.621487,8.041562,1.853345,0.602285,0.025536,0.054624,3.648397,3.877433,0.365783,0.201389,0.600572,-7.164955,0.076933,1.223126,2.475496,0.003761,0.029514,4.16484,0.695972,10.799725,0.001218,9930.3
677,389.546,1504166428,1504168228,2017-08-31 08:00:28,0,3.587744,3.095638,1.554696,0.544847,0.020663,0.046536,1.868752,2.371535,0.186953,0.352778,0.815554,-0.847767,0.334299,1.697914,0.627032,0.002205,0.026545,4.318072,0.896806,5.333786,0.001212,12994.8
678,390.145,1504168228,1504170028,2017-08-31 08:30:28,0,4.264186,3.755273,1.568836,0.668922,0.015965,0.033933,2.165784,2.681807,0.216671,0.333611,0.578892,-0.509358,-0.237335,0.230623,0.389473,0.002389,0.022923,3.989845,0.807639,4.445413,0.001207,13118.8
679,390.724,1504170028,1504171828,2017-08-31 09:00:28,0,4.973869,4.465111,1.609754,0.61954,0.013051,0.027791,2.503014,2.952135,0.25037,0.208611,0.677822,-0.605011,0.032604,1.193361,0.066004,0.001931,0.024476,3.774613,0.843333,4.995454,0.001201,13563.3
680,391.283,1504171828,1504173628,2017-08-31 09:30:28,0,7.300234,6.743333,1.814462,0.516892,0.024444,0.055428,2.973032,3.454225,0.296583,0.343611,0.694464,-2.189964,0.235769,2.727478,-1.905813,0.00305,0.02609,4.048516,0.721111,6.255424,0.001195,14107.4
681,392.457,1504173628,1504175428,2017-08-31 10:00:28,0,4.437488,3.949373,1.511004,0.596234,0.021556,0.039974,2.113722,2.457179,0.211035,0.432361,0.860609,-1.039571,0.22837,1.972583,-1.389061,0.003384,0.025558,3.724074,0.827917,4.988757,0.001189,6372.2
682,393.013,1504175428,1504177228,2017-08-31 10:30:28,0,9.159186,8.506681,2.133097,0.698667,0.013823,0.030687,3.509857,3.848163,0.349993,0.172778,0.496576,-3.753214,0.013263,0.33545,-2.04909,0.001668,0.020839,3.679989,0.753472,7.495945,0.001184,14086.6
683,393.586,1504177228,1504179028,2017-08-31 11:00:28,0,3.828893,3.346623,1.478033,0.634209,0.017105,0.036838,2.191867,2.51213,0.218915,0.187222,0.592248,-2.347481,-0.13719,0.484256,-1.777576,0.002955,0.029902,3.653806,0.909722,6.051979,0.001178,13647.4
684,394.145,1504179028,1504180828,2017-08-31 11:30:28,0,3.646401,3.166076,1.457027,0.682804,0.014417,0.024987,1.732326,2.266349,0.173046,0.463611,0.458908,-0.701724,-0.372109,-0.401816,-0.633027,0.002048,0.027276,3.47071,0.873056,3.94976,0.001172,13975.6
685,394.723,1504180828,1504182628,2017-08-31 12:00:28,0,4.358984,3.880301,1.46598,0.544246,0.030196,0.062165,2.389924,2.748915,0.238501,0.295833,0.502833,-0.519795,-0.117601,0.349349,-2.00614,0.005455,0.03348,3.649199,0.845556,8.971848,0.001166,13560.3
686,395.267,1504182628,1504184428,2017-08-31 12:30:28,0,5.76446,5.214596,1.739576,0.60995,0.025154,0.041918,2.658693,2.992456,0.26533,0.196528,0.46492,-6.620398,0.057312,-0.122933,-2.330447,0.004671,0.023572,3.69072,0.778333,4.246668,0.001161,14348.8
687,395.848,1504184428,1504186228,2017-08-31 13:00:28,0,3.394525,2.908973,1.497505,0.593112,0.023633,0.040145,1.930786,2.250398,0.192947,0.274167,0.479716,-2.502339,0.10048,0.445855,-0.889402,0.003583,0.02204,3.71298,0.893333,3.549198,0.001155,13395.3
688,396.46,1504186228,1504188028,2017-08-31 13:30:28,0,4.470178,3.982764,1.487608,0.597241,0.02719,0.048058,2.165623,2.4515,0.216132,0.495139,0.416507,-1.092226,0.083212,-0.252582,-1.465538,0.005378,0.027406,3.625818,0.766528,7.660107,0.001149,12737.4
689,397.127,1504188028,1504189828,2017-08-31 14:00:28,0,7.472323,6.881262,1.847146,0.764576,0.012492,0.035464,3.35231,3.760789,0.335143,0.111806,0.313957,-2.65355,-0.329125,-1.425651,-0.495451,0.00104,0.01301,3.609091,0.603889,6.898112,0.001143,11614.7
690,397.723,1504189828,1504191628,2017-08-31 14:30:28,0,3.343335,2.851385,1.449532,0.654606,0.029751,0.067624,1.891095,2.360096,0.189017,0.418611,0.570438,-0.310175,0.081055,0.476255,-0.087973,0.005573,0.034141,3.666222,0.859167,4.716526,0.001137,13091.1
691,398.291,1504191628,1504193428,2017-08-31 15:00:28,0,3.018856,2.561165,1.401939,0.60979,0.015745,0.031453,1.555615,1.948603,0.155725,0.519306,0.619496,-0.826344,0.009371,0.041271,0.53864,0.002602,0.027357,3.613371,0.891528,4.342561,0.001132,13731.2
692,398.852,1504193428,1504195228,2017-08-31 15:30:28,0,1.663751,1.230955,1.320944,0.555295,0.018262,0.041541,1.276441,1.532124,0.127667,0.483889,0.556814,-0.548472,0.058948,0.436254,0.122345,0.003128,0.019393,3.592459,0.971944,1.795639,0.001126,13933.5
693,399.407,1504195228,1504197028,2017-08-31 16:00:28,0,5.737144,5.214723,1.595532,0.727748,0.014628,0.027996,2.208302,2.639181,0.220955,0.4275,0.613377,-0.566545,0.128552,0.774694,0.297251,0.002559,0.020624,3.457537,0.750694,3.641396,0.00112,14041.3
694,399.97,1504197028,1504198828,2017-08-31 16:30:28,0,5.404812,4.901624,1.557432,0.550314,0.030662,0.064428,2.490471,2.881944,0.248728,0.3325,0.575929,-0.751312,0.272552,1.172667,-0.899751,0.004624,0.030868,3.735785,0.82875,7.270543,0.001114,13850.6
695,400.542,1504198828,1504200628,2017-08-31 17:00:28,0,12.235752,11.448314,2.733644,0.564676,0.018055,0.042467,4.439544,5.638638,0.443039,0.247917,0.560216,-2.028875,-0.01224,2.021393,-2.041546,0.002341,0.025444,3.54759,0.522361,5.574402,0.001108,13578.8
696,401.109,1504200628,1504202428,2017-08-31 17:30:28,0,12.456642,11.736539,2.442212,0.495644,0.033563,0.07533,5.007594,5.808263,0.499968,0.228611,0.612206,-0.222245,0.277686,2.219203,-1.277358,0.00479,0.036708,3.883608,0.471806,13.452601,0.001102,13774.8
697,401.681,1504202428,1504204228,2017-08-31 18:00:28,0,5.256263,4.738019,1.585969,0.586988,0.030778,0.07619,2.571132,3.175815,0.25746,0.190694,0.508811,-2.499495,0.119543,0.863272,1.29948,0.004622,0.029889,3.288836,0.704028,8.781489,0.001097,13675.9
698,402.293,1504204228,1504206028,2017-08-31 18:30:28,0,5.15871,4.63769,1.528151,0.695517,0.038997,0.056286,2.318786,2.746525,0.231584,0.318889,0.666447,-1.107552,0.178519,1.190849,-0.485751,0.005344,0.040149,3.368622,0.805,8.026534,0.001091,12695.7
699,402.959,1504206028,1504207828,2017-08-31 19:00:28,0,6.692814,6.119271,1.83195,0.615052,0.022387,0.049326,2.748047,3.345977,0.275272,0.369306,0.593091,-0.581599,0.132997,0.337356,1.428625,0.003094,0.032766,3.382463,0.65625,5.849543,0.001085,11727.5
700,403.705,1504207828,1504209628,2017-08-31 19:30:28,0,4.895083,4.386293,1.549489,0.529329,0.040224,0.089419,2.329177,2.737602,0.233141,0.259722,0.581779,-0.484897,0.031316,1.739102,0.924642,0.006132,0.042445,3.548697,0.781389,10.656604,0.001079,10267.6
701,404.429,1504209628,1504211428,2017-08-31 20:00:28,0,2.502689,2.034545,1.388192,0.568346,0.037064,0.068032,1.537629,1.799778,0.153842,0.285556,0.547538,-5.351828,-0.368869,0.634599,0.665779,0.005046,0.036415,3.602546,0.966806,8.080234,0.001073,10812.0
702,405.297,1504211428,1504213228,2017-08-31 20:30:28,0,3.02037,2.560363,1.379048,0.593587,0.026705,0.05092,1.525423,1.936846,0.152701,0.521667,0.699123,0.029328,0.090622,0.383361,0.704253,0.00406,0.037054,3.381192,0.865833,3.657839,0.001067,8930.1
703,405.991,1504213228,1504215028,2017-08-31 21:00:28,0,2.757723,2.317833,1.355947,0.516377,0.02165,0.052284,1.467133,1.745016,0.146646,0.466389,0.871366,-1.238655,0.383361,1.538128,-0.504118,0.003816,0.029969,3.382311,0.915417,4.627726,0.001062,11527.1
704,406.606,1504215028,1504216828,2017-08-31 21:30:28,0,5.071359,4.567065,1.554917,0.576357,0.028965,0.058664,2.32567,2.810812,0.232691,0.345833,0.550516,-0.405625,0.277619,0.839177,0.935076,0.004241,0.03468,3.415555,0.724028,3.639235,0.001056,12620.7
705,407.439,1504216828,1504218628,2017-08-31 22:00:28,0,4.486141,3.99303,1.492474,0.573638,0.035277,0.0639,2.266317,2.777437,0.226901,0.351806,0.6519,0.036569,0.263216,0.978839,0.994819,0.005778,0.043015,3.469216,0.789722,9.250918,0.00105,9140.0
706,408.028,1504218628,1504220428,2017-08-31 22:30:28,0,5.74095,5.167161,1.688832,0.642265,0.059058,0.099031,2.632713,2.965512,0.26335,0.176389,0.599967,-0.781853,0.027514,1.519208,0.04042,0.00682,0.037302,3.461243,0.756667,7.816576,0.001044,13279.3
707,408.687,1504220428,1504222228,2017-08-31 23:00:28,0,2.526742,2.09386,1.318829,0.54303,0.020646,0.046664,1.541639,1.779983,0.15412,0.368056,0.583256,-3.120823,-0.15142,0.539714,-0.08366,0.003161,0.042547,3.228292,0.901667,3.644648,0.001038,11797.8
708,409.255,1504222228,1504224028,2017-08-31 23:30:28,0,1.916548,1.509381,1.222574,0.584095,0.012808,0.03112,1.095374,1.514342,0.109577,0.620694,0.478157,-0.303898,-0.046104,-0.024977,0.488844,0.002379,0.028587,3.081617,0.919583,1.706065,0.001033,13718.3
709,409.833,1504224028,1504225828,2017-09-01 00:00:28,0,3.537539,3.088336,1.359715,0.620554,0.015893,0.033278,1.683901,2.02407,0.168318,0.369167,0.527061,-0.26964,0.027047,0.720687,-0.067927,0.003276,0.031261,3.166024,0.897639,3.380532,0.001027,13482.0
710,410.522,1504225828,1504227628,2017-09-01 00:30:28,0,3.557826,3.101915,1.391116,0.414352,0.050056,0.079728,2.167808,2.60019,0.21646,0.239722,0.759542,-0.846135,0.394486,1.745354,-1.577546,0.008845,0.040781,3.200402,0.768472,7.676859,0.001021,11182.5
711,411.462,1504227628,1504229428,2017-09-01 01:00:28,0,2.414417,1.971839,1.293636,0.611454,0.028112,0.052913,1.335756,1.839626,0.133578,0.552778,0.739069,-0.345823,0.090593,0.894234,0.099061,0.006207,0.040669,3.076333,0.913194,4.183704,0.001015,8204.2
712,412.239,1504229428,1504231228,2017-09-01 01:30:28,0,5.278454,4.753027,1.57127,0.593403,0.048799,0.071598,2.433525,2.933165,0.243395,0.25875,0.73254,-1.128721,0.265945,1.815782,1.043175,0.007855,0.041687,2.982701,0.719861,6.140043,0.001009,9965.7
713,412.946,1504231228,1504233028,2017-09-01 02:00:28,0,4.033617,3.557011,1.395071,0.519255,0.059077,0.072522,2.302248,2.741367,0.23002,0.255,0.704894,-1.138782,0.03172,1.199597,-0.464893,0.008907,0.036686,3.074703,0.760972,4.949952,0.001003,11085.7
714,413.627,1504233028,1504234828,2017-09-01 02:30:28,0,3.122644,2.680008,1.315532,0.542894,0.034174,0.059073,1.887574,2.113256,0.188772,0.259444,0.545796,-1.877576,0.186751,0.631447,0.255378,0.00715,0.03542,2.991275,0.853194,3.42873,0.000998,11327.4
715,414.235,1504234828,1504236628,2017-09-01 03:00:28,0,5.456311,4.902538,1.608669,0.813293,0.032402,0.050853,2.408683,2.610109,0.241169,0.279861,0.636511,-2.112004,0.07868,0.712478,0.368228,0.004829,0.030975,2.991914,0.734028,6.739507,0.000992,12776.0
716,414.86,1504236628,1504238428,2017-09-01 03:30:28,0,7.805515,7.182088,2.005868,0.648962,0.026192,0.0445,3.150104,3.604674,0.314616,0.199861,0.615548,-1.987739,0.049676,2.133506,-1.186674,0.004402,0.037773,3.038886,0.609583,5.545245,0.000986,12387.2
717,415.506,1504238428,1504240228,2017-09-01 04:00:28,0,4.501712,4.008347,1.485953,0.624835,0.026112,0.062426,2.348865,2.705045,0.234945,0.21875,0.628013,-0.443462,0.132141,1.074234,0.228555,0.004551,0.039411,2.788673,0.663056,6.931091,0.00098,12285.9
718,416.174,1504240228,1504242028,2017-09-01 04:30:28,0,4.597326,4.062668,1.503706,0.682236,0.06156,0.0973,2.283022,2.658634,0.228672,0.286389,0.633772,-0.938043,0.236533,0.76084,1.10528,0.008594,0.039078,2.942751,0.733472,6.34004,0.000974,11557.9
719,416.749,1504242028,1504243828,2017-09-01 05:00:28,0,4.492599,4.026601,1.421385,0.571056,0.02494,0.050146,2.041558,2.442331,0.204501,0.352222,0.678987,-0.354425,0.272532,0.460205,1.101261,0.004228,0.035771,2.892293,0.830278,7.207921,0.000968,13579.4
720,417.31,1504243828,1504245628,2017-09-01 05:30:28,0,9.42528,8.636593,2.766625,0.530589,0.016051,0.039056,3.099943,3.517109,0.308856,0.353333,0.72246,-1.659823,0.29525,1.264726,-2.247995,0.002349,0.028688,2.925317,0.78,5.082006,0.000963,13924.4
721,417.888,1504245628,1504247428,2017-09-01 06:00:28,0,10.125011,9.37247,2.458661,0.764503,0.021715,0.050861,3.881397,4.327454,0.387676,0.125833,0.566147,-2.585883,0.064847,1.590796,-0.928237,0.004297,0.042764,2.918557,0.481944,5.561522,0.000957,13562.2
722,418.584,1504247428,1504249228,2017-09-01 06:30:28,0,5.580361,5.076676,1.600277,0.50228,0.025738,0.064156,2.487113,2.87411,0.248636,0.258194,0.807679,-0.535924,0.492928,2.62995,0.118831,0.005061,0.044474,2.886919,0.650278,9.924083,0.000951,11056.9
723,419.247,1504249228,1504251028,2017-09-01 07:00:28,0,5.151218,4.680786,1.488652,0.479504,0.025595,0.054929,2.476,2.72189,0.247304,0.194028,0.757902,-1.0215,0.309394,2.322503,-1.298386,0.004946,0.041138,2.815734,0.645,7.032601,0.000945,11923.0
724,419.821,1504251028,1504252828,2017-09-01 07:30:28,0,3.504825,3.053526,1.365463,0.588203,0.019966,0.048615,2.002477,2.237655,0.200348,0.225694,0.695641,-0.540397,0.235479,1.557641,0.836112,0.004282,0.027074,2.776981,0.738194,5.388096,0.000939,13702.6
725,420.391,1504252828,1504254628,2017-09-01 08:00:28,0,5.867353,5.316841,1.676276,0.671062,0.033627,0.053033,2.116703,2.592724,0.211198,0.414028,0.639198,-1.522265,0.110597,0.742774,-1.012295,0.005628,0.036132,2.816959,0.790556,6.627591,0.000934,13703.7
726,421.008,1504254628,1504256428,2017-09-01 08:30:28,0,4.086069,3.630561,1.380342,0.541789,0.032423,0.048498,2.091797,2.572394,0.208907,0.357361,0.729858,-0.748406,0.19365,1.322831,-0.987469,0.006547,0.034587,2.896797,0.759444,7.709765,0.000928,12530.7
727,421.577,1504256428,1504258228,2017-09-01 09:00:28,0,1.413973,1.045123,1.110827,0.438788,0.023818,0.055172,1.155986,1.399729,0.115538,0.573333,0.790143,0.27906,0.428429,1.041771,-0.335016,0.004825,0.037942,2.758625,0.938056,2.880569,0.000922,13702.3
728,422.263,1504258228,1504260028,2017-09-01 09:30:28,0,2.517634,2.099485,1.226946,0.641164,0.01559,0.02942,1.294506,1.516227,0.129554,0.503194,0.57702,-0.291587,0.030182,0.496805,0.643063,0.003517,0.033478,2.84204,0.910139,3.09103,0.000916,11234.8
729,422.859,1504260028,1504261828,2017-09-01 10:00:28,0,4.095164,3.626463,1.39124,0.601368,0.033708,0.052304,1.876445,2.298254,0.18748,0.353611,0.483567,-1.903283,0.07118,0.398283,-0.176249,0.005802,0.030634,2.834557,0.808056,4.063471,0.000911,13226.3
730,423.512,1504261828,1504263628,2017-09-01 10:30:28,0,5.884484,5.338301,1.768121,0.52167,0.023951,0.057659,2.739891,3.033735,0.273435,0.261667,0.831035,-6.562169,0.336812,2.523623,-2.143465,0.00463,0.038213,2.911405,0.621111,9.532045,0.000905,11800.9
731,424.205,1504263628,1504265428,2017-09-01 11:00:28,0,3.717582,3.255559,1.398281,0.620343,0.018067,0.042806,1.912949,2.319213,0.191464,0.325556,0.539269,-0.865436,0.014692,0.054333,0.776551,0.003414,0.041885,2.820424,0.858194,4.163383,0.000899,11199.6
732,424.859,1504265428,1504267228,2017-09-01 11:30:28,0,5.331566,4.789392,1.656298,0.649161,0.030936,0.060822,2.351933,2.875758,0.234901,0.329861,0.621408,-2.715689,0.194806,0.404632,-0.974146,0.006356,0.040866,2.874042,0.618333,4.815958,0.000893,12061.5
733,425.457,1504267228,1504269028,2017-09-01 12:00:28,0,4.377119,3.861164,1.427353,0.810019,0.038984,0.07112,2.312298,2.64223,0.23113,0.241389,0.359208,-1.468516,-0.4307,0.265445,-0.404015,0.006819,0.04816,2.828712,0.689583,5.26981,0.000888,12995.3
734,426.05,1504269028,1504270828,2017-09-01 12:30:28,0,2.775053,2.329185,1.328931,0.606294,0.022399,0.046263,1.83049,2.113338,0.182892,0.327778,0.52352,-0.962149,-0.006821,0.25395,-0.780166,0.005455,0.034277,2.83527,0.801806,3.829598,0.000882,13154.0
735,426.623,1504270828,1504272628,2017-09-01 13:00:28,0,5.64742,5.132715,1.651102,0.569626,0.014966,0.037529,2.287557,2.767694,0.228562,0.333333,0.568318,-0.825935,0.108834,0.699138,0.083105,0.003163,0.030946,2.788998,0.731389,4.793295,0.000876,13588.2
736,427.197,1504272628,1504274428,2017-09-01 13:30:28,0,4.556949,4.119008,1.346175,0.531727,0.021175,0.044667,1.923472,2.265603,0.192537,0.449583,0.839691,-1.607208,0.416772,1.726004,0.764496,0.00433,0.041947,2.791747,0.821528,5.965722,0.00087,13578.1
737,427.809,1504274428,1504276228,2017-09-01 14:00:28,0,8.843941,8.245258,1.913096,0.6875,0.017147,0.034975,2.812469,3.136452,0.282231,0.451389,0.597917,-1.043865,0.088561,0.114606,1.85074,0.003408,0.0309,2.808056,0.771111,7.177011,0.000865,12661.3
738,428.375,1504276228,1504278028,2017-09-01 14:30:28,0,3.247986,2.808958,1.28747,0.610684,0.026125,0.049419,1.899096,2.215574,0.190097,0.324028,0.630804,-1.468808,0.016665,0.692236,0.856373,0.004642,0.032243,2.871861,0.804722,7.514438,0.000859,13759.3
739,428.945,1504278028,1504279828,2017-09-01 15:00:28,0,2.482941,2.066631,1.22541,0.621613,0.015839,0.036061,1.425758,1.663987,0.142545,0.375417,0.585514,-1.537209,0.163696,0.524519,-0.019777,0.002087,0.026032,2.873495,0.963611,5.063323,0.000853,13674.8
740,429.538,1504279828,1504281628,2017-09-01 15:30:28,0,4.388787,3.921957,1.344866,0.647761,0.036355,0.058181,2.054505,2.315658,0.205223,0.343889,0.434795,-1.021039,-0.4298,0.657697,-0.993344,0.003416,0.034416,2.80219,0.719861,6.715024,0.000848,13104.9
741,430.102,1504281628,1504283428,2017-09-01 16:00:28,0,5.094673,4.616941,1.470566,0.517478,0.033903,0.060638,2.232213,2.678447,0.223306,0.42625,0.672349,-0.749296,0.034211,1.193611,0.103182,0.005935,0.037083,2.943898,0.758472,3.984274,0.000842,13850.7
742,430.683,1504283428,1504285228,2017-09-01 16:30:28,0,6.667473,5.996882,2.224159,0.469032,0.046357,0.081905,2.645897,3.339875,0.265173,0.453194,0.871846,-0.313544,0.297472,2.860613,1.39545,0.006174,0.032962,2.799136,0.657222,4.604273,0.000836,13390.6
743,431.265,1504285228,1504287028,2017-09-01 17:00:28,0,3.939962,3.474385,1.371498,0.514844,0.045,0.09238,2.178588,2.598928,0.218062,0.240278,0.852574,-1.733846,0.317532,2.758633,0.745829,0.006587,0.042144,2.863613,0.694306,8.919385,0.00083,13434.2
744,431.838,1504287028,1504288828,2017-09-01 17:30:28,0,3.10462,2.664287,1.273894,0.605889,0.030082,0.064634,1.621104,1.939852,0.161919,0.448333,0.636233,-1.536511,0.125015,0.549062,-1.009518,0.004475,0.036482,2.826914,0.835,6.39687,0.000825,13606.1
745,432.422,1504288828,1504290628,2017-09-01 18:00:28,0,6.951371,6.331992,1.955469,0.724829,0.019841,0.049414,2.822379,3.309755,0.281892,0.239028,0.720903,-2.43533,-0.042843,1.234672,-1.36052,0.003669,0.033268,2.782637,0.609583,8.210302,0.000819,13357.2
746,433.01,1504290628,1504292428,2017-09-01 18:30:28,0,9.809429,9.091723,2.384223,0.536539,0.043253,0.07609,3.870733,4.444021,0.38681,0.209028,0.719175,-0.784018,0.28499,3.109666,-0.720345,0.008168,0.061956,2.936681,0.478611,9.423606,0.000814,13253.2
747,433.634,1504292428,1504294228,2017-09-01 19:00:28,0,5.339906,4.822691,1.621063,0.403263,0.050706,0.105178,2.40326,3.051072,0.240023,0.394583,0.825195,0.051326,0.384153,3.118374,-1.153528,0.006904,0.052751,2.950514,0.693472,10.515727,0.000808,13183.9
748,434.204,1504294228,1504296028,2017-09-01 19:30:28,0,4.097954,3.641237,1.414542,0.464813,0.033259,0.067019,2.040063,2.436535,0.203705,0.321389,0.804912,0.059328,0.392956,2.264802,-1.568878,0.004809,0.041799,2.869804,0.771528,9.360482,0.000802,13722.0
749,434.798,1504296028,1504297828,2017-09-01 20:00:28,0,5.112722,4.584787,1.635724,0.568514,0.033051,0.069483,2.212918,2.756255,0.221672,0.354583,0.645682,-0.736868,-0.099443,1.654482,1.718343,0.005807,0.031749,2.891713,0.749583,7.86027,0.000797,13148.8
750,435.53,1504297828,1504299628,2017-09-01 20:30:28,0,7.07128,6.416203,2.061718,0.614073,0.051162,0.084195,2.978873,3.294035,0.297289,0.313611,0.656095,-2.005973,0.090467,1.243247,-2.177828,0.008472,0.039588,2.898861,0.629167,8.855051,0.000791,10514.6
751,436.13,1504299628,1504301428,2017-09-01 21:00:28,0,5.212583,4.69308,1.585009,0.651403,0.025051,0.052547,2.468751,2.923585,0.246935,0.2025,0.696245,-3.181878,0.153173,1.387352,0.728057,0.004978,0.042463,2.910851,0.619444,5.863776,0.000785,13244.3
752,436.7,1504301428,1504303228,2017-09-01 21:30:28,0,4.805704,4.324896,1.51946,0.445194,0.032655,0.07285,2.125828,2.632718,0.213049,0.411389,0.743923,0.193622,0.429877,2.00779,1.35376,0.006524,0.051369,2.985253,0.794444,7.035337,0.00078,13693.0
753,437.373,1504303228,1504305028,2017-09-01 22:00:28,0,4.891495,4.405585,1.452844,0.554688,0.038311,0.08254,1.960264,2.330878,0.196229,0.511528,0.802534,-0.443619,0.336711,1.608692,0.191848,0.006276,0.03601,2.838889,0.747639,4.931125,0.000774,11519.2
754,438.043,1504305028,1504306828,2017-09-01 22:30:28,0,7.322417,6.77848,1.674181,0.568312,0.039727,0.081545,2.584602,3.113209,0.257676,0.375278,0.749877,-0.591771,0.337695,1.415809,-1.429671,0.005869,0.040624,3.161196,0.830556,8.14976,0.000769,11527.2
755,438.647,1504306828,1504308628,2017-09-01 23:00:28,0,8.221492,7.6338,1.723496,0.77394,0.040811,0.0812,2.838366,3.285074,0.283065,0.400139,0.514611,-2.467681,-0.019898,0.597054,-1.357619,0.005968,0.036562,3.133141,0.695,11.074105,0.000763,12939.8
756,439.443,1504308628,1504310428,2017-09-01 23:30:28,0,5.792989,5.285497,1.56637,0.515027,0.037772,0.079911,2.629293,3.115849,0.263404,0.222639,0.681702,-0.301149,0.265572,2.151849,1.860706,0.007356,0.043764,3.136249,0.672361,9.371113,0.000758,9567.3
757,440.114,1504310428,1504312228,2017-09-02 00:00:28,0,7.675843,7.070145,1.863107,0.649143,0.043343,0.082718,3.064765,3.46369,0.306559,0.147083,0.629702,-1.34721,0.338337,2.310171,0.972905,0.00693,0.038151,2.994613,0.603333,6.787947,0.000752,11591.5
758,440.73,1504312228,1504314028,2017-09-02 00:30:28,0,10.217996,9.576493,2.073872,0.542447,0.041613,0.0835,3.501164,4.042419,0.349381,0.373333,0.793816,-0.548786,0.32646,2.257339,-1.099003,0.006524,0.044957,3.266187,0.624583,12.141981,0.000746,12637.4
759,441.297,1504314028,1504315828,2017-09-02 01:00:28,0,10.057808,9.445948,1.865376,0.620421,0.052642,0.104339,3.33576,3.797238,0.332757,0.259583,0.69345,-0.395296,0.167971,2.802316,-1.00305,0.006726,0.042893,3.431794,0.680417,9.666303,0.000741,13771.2
760,441.922,1504315828,1504317628,2017-09-02 01:30:28,0,7.280045,6.65658,1.880993,0.617579,0.066488,0.103436,2.9124,3.31965,0.290396,0.405972,0.720515,-1.210163,0.416402,1.341609,-2.566024,0.010422,0.046593,3.078192,0.629167,10.201222,0.000735,12367.3
761,442.54,1504317628,1504319428,2017-09-02 02:00:28,0,12.115446,11.194648,3.12209,0.660662,0.040603,0.084078,4.413737,4.982836,0.439904,0.27,0.535179,-2.939203,-0.113341,1.245921,-2.653398,0.00678,0.040657,3.206347,0.549583,11.270747,0.00073,12546.3
762,443.346,1504319428,1504321228,2017-09-02 02:30:28,0,12.32283,11.527813,2.643792,0.581115,0.046482,0.095065,4.038962,4.746592,0.404062,0.402639,0.670581,-2.167872,0.287782,0.801874,-0.688082,0.008341,0.047276,3.306841,0.622083,10.065574,0.000724,9669.6
763,443.96,1504321228,1504323028,2017-09-02 03:00:28,0,20.007307,18.940887,3.63092,0.779245,0.039576,0.090298,6.027554,6.305051,0.606917,0.150833,0.575039,-4.830889,-0.076035,1.619378,5.234038,0.007183,0.041495,3.335903,0.555,13.571125,0.000719,12773.6
764,444.791,1504323028,1504324828,2017-09-02 03:30:28,0,10.187609,9.442061,2.400087,0.712965,0.035791,0.085531,3.825788,4.33342,0.382467,0.276389,0.457929,-1.686479,-0.118,-0.165715,-0.576439,0.006725,0.053443,3.156607,0.557917,8.566179,0.000714,9188.2
765,445.538,1504324828,1504326628,2017-09-02 04:00:28,0,8.314713,7.639266,1.934503,0.94168,0.050083,0.102588,3.514,3.842954,0.352278,0.123333,0.434444,-2.237063,-0.177841,-0.091735,2.135686,0.005622,0.046298,3.641793,0.654722,9.902753,0.000708,10432.8
766,446.205,1504326628,1504328428,2017-09-02 04:30:28,0,5.385628,4.885969,1.558055,0.480365,0.036425,0.081177,2.485322,2.759679,0.248122,0.340694,0.835163,-1.55376,0.327105,2.783613,-1.697736,0.005359,0.047087,3.490755,0.761389,11.285385,0.000703,11652.7
767,446.803,1504328428,1504330228,2017-09-02 05:00:28,0,25.356112,24.007755,4.643919,0.971099,0.039606,0.089741,6.048733,7.156023,0.610847,0.345,0.390782,-0.963303,-0.277312,-2.323948,5.049636,0.005524,0.034055,3.529808,0.628889,15.599084,0.000697,13007.6
768,447.383,1504330228,1504332028,2017-09-02 05:30:28,0,41.813259,39.961544,6.744453,0.799367,0.04328,0.098653,10.262436,10.84094,1.043762,0.356389,0.528758,-5.058235,-0.143177,-2.067412,9.570732,0.005568,0.034104,3.781028,0.616667,22.971735,0.000692,13478.9
769,448.005,1504332028,1504333828,2017-09-02 06:00:28,0,24.636953,23.535669,3.875494,0.55155,0.045122,0.113019,7.285269,8.459822,0.728665,0.035972,0.769824,-5.16421,-0.579767,5.111054,0.83125,0.004027,0.028731,3.718798,0.40125,19.620264,0.000686,12559.0
770,448.613,1504333828,1504335628,2017-09-02 06:30:28,0,19.483065,18.762808,2.388901,0.555959,0.035067,0.092993,5.559831,6.56173,0.553354,0.160694,0.619566,-1.334537,0.007568,5.156756,-1.104467,0.002601,0.029299,4.061833,0.643889,12.908084,0.000681,12821.0
771,449.184,1504335628,1504337428,2017-09-02 07:00:28,0,19.231848,18.572866,2.060865,0.604361,0.054288,0.102683,5.358914,6.093027,0.531413,0.313611,0.769287,-0.832182,0.285105,3.208517,-5.039262,0.004532,0.026317,4.213542,0.676667,18.101103,0.000676,13649.2
772,449.763,1504337428,1504339228,2017-09-02 07:30:28,0,11.273374,10.636734,1.925853,0.714002,0.047739,0.097161,3.440746,4.088859,0.345249,0.333472,0.801142,-0.641079,0.210808,1.223404,1.431614,0.004794,0.023823,4.109763,0.751944,7.656194,0.00067,13445.0
773,450.365,1504339228,1504341028,2017-09-02 08:00:28,0,12.799805,12.097285,2.256799,0.683532,0.035548,0.072306,4.576911,5.283765,0.4598,0.186667,0.742885,-2.056354,0.030448,1.390457,3.406064,0.004678,0.02439,4.053316,0.591111,10.451212,0.000665,12937.3
774,451.035,1504341028,1504342828,2017-09-02 08:30:28,0,22.216059,20.926537,4.697729,0.508411,0.035635,0.087233,6.909365,7.588582,0.691482,0.327361,0.679166,-4.641086,0.150605,2.689877,0.04952,0.003956,0.029464,3.978894,0.558056,12.965779,0.00066,11558.1
775,451.796,1504342828,1504344628,2017-09-02 09:00:28,0,8.132111,7.542777,1.823096,0.546647,0.049351,0.109758,3.604303,4.326447,0.36052,0.178056,0.640723,-1.221463,0.055901,1.821549,0.085554,0.003576,0.027331,5.150039,0.785972,11.270909,0.000654,10120.8
776,452.381,1504344628,1504346428,2017-09-02 09:30:28,0,10.592532,10.026144,1.731335,0.59772,0.044138,0.087071,3.324009,3.805261,0.333672,0.29125,0.661702,-0.786214,-0.054633,2.535529,1.841989,0.003126,0.03045,4.00935,0.785139,11.221664,0.000649,13384.4
777,453.016,1504346428,1504348228,2017-09-02 10:00:28,0,8.617623,8.038829,1.825994,0.60691,0.030891,0.063624,3.762109,4.309471,0.375364,0.13,0.69139,-2.259593,0.088451,2.900848,-2.162281,0.001864,0.024649,4.060177,0.520556,12.81028,0.000644,12195.9
778,453.661,1504348228,1504350028,2017-09-02 10:30:28,0,8.473468,7.868151,1.928185,0.50522,0.045256,0.101669,3.729789,4.286362,0.373549,0.0875,0.780295,-3.154894,0.339598,2.314779,1.084666,0.004083,0.027824,4.674849,0.673333,11.670607,0.000639,12117.3
779,454.281,1504350028,1504351828,2017-09-02 11:00:28,0,9.308072,8.65908,2.109472,0.510905,0.042578,0.097211,3.393069,4.28073,0.337981,0.346944,0.68297,-0.405037,0.304787,1.443053,-2.575276,0.002227,0.023407,4.942097,0.835278,11.164266,0.000633,12537.6
780,454.909,1504351828,1504353628,2017-09-02 11:30:28,0,7.829452,7.272647,1.67828,0.617219,0.043212,0.093626,3.284814,3.929919,0.327728,0.306389,0.673901,-0.208236,0.138869,2.449962,-1.92318,0.004778,0.02615,5.244075,0.8525,10.332952,0.000628,12576.3
781,455.48,1504353628,1504355428,2017-09-02 12:00:28,0,7.98987,7.330511,2.072053,0.634245,0.046922,0.09028,3.30347,3.901527,0.33089,0.202917,0.666693,-3.363856,-0.216704,1.0941,1.751394,0.004862,0.028056,4.641604,0.704722,9.507043,0.000623,13699.6
782,456.162,1504355428,1504357228,2017-09-02 12:30:28,0,19.949936,19.02602,3.141138,0.604672,0.049619,0.090799,5.649334,6.395489,0.569513,0.325139,0.691914,-1.156574,0.267754,0.24394,4.923666,0.003822,0.029334,4.009005,0.664444,14.751597,0.000618,11334.1
783,456.789,1504357228,1504359028,2017-09-02 13:00:28,0,5.65188,5.112495,1.642503,0.559706,0.043955,0.092153,2.559704,3.128829,0.255809,0.335972,0.76095,-0.703038,0.185419,1.517976,0.249924,0.002653,0.026753,4.82615,0.854583,8.735602,0.000612,12375.8
784,457.371,1504359028,1504360828,2017-09-02 13:30:28,0,7.532813,6.940477,1.871822,0.498228,0.048203,0.103619,3.546131,3.929018,0.353596,0.331111,0.718859,-2.770103,0.19611,3.127088,-2.816798,0.003794,0.021064,5.468035,0.830694,16.538723,0.000607,13418.9
785,457.954,1504360828,1504362628,2017-09-02 14:00:28,0,10.004941,9.351137,1.976479,0.76108,0.042508,0.100082,3.634318,4.155206,0.364541,0.128194,0.547088,-4.437221,-0.869759,0.51072,3.425399,0.002402,0.024105,4.852062,0.670972,16.353764,0.000602,13374.8
786,458.6,1504362628,1504364428,2017-09-02 14:30:28,0,29.990191,28.907696,3.676385,0.76577,0.050566,0.090963,7.931827,8.445611,0.801515,0.182639,0.45204,-3.760493,-0.292195,2.394645,4.916069,0.005288,0.033472,4.086104,0.552778,14.528466,0.000597,11978.1
787,459.268,1504364428,1504366228,2017-09-02 15:00:28,0,21.405907,20.592756,2.503006,0.880277,0.052915,0.118034,5.975009,6.613736,0.602063,0.30375,0.365119,-2.688984,-0.328083,-1.643177,5.756672,0.004415,0.028316,4.83219,0.64125,23.542978,0.000592,11661.0
788,460.118,1504366228,1504368028,2017-09-02 15:30:28,0,13.997965,13.337648,2.069212,0.576284,0.057851,0.109301,4.742599,5.510426,0.473009,0.231389,0.609296,-3.853772,0.125915,2.534241,-1.124603,0.003524,0.028069,5.087073,0.583194,10.748219,0.000587,9207.4
789,460.884,1504368028,1504369828,2017-09-02 16:00:28,0,9.777587,9.047893,2.340559,0.506609,0.066282,0.143965,4.523548,5.301962,0.452081,0.146944,0.706365,-0.732386,0.236507,3.631086,-0.535474,0.004259,0.027684,6.971858,0.753611,13.823369,0.000582,10238.8
790,461.904,1504369828,1504371628,2017-09-02 16:30:28,0,6.400621,5.808882,1.848302,0.407517,0.066056,0.144514,3.306619,4.098259,0.330949,0.320278,0.773433,0.206881,0.383758,3.106224,0.068451,0.005727,0.033735,6.157706,0.858472,11.597378,0.000577,7569.6
791,462.852,1504371628,1504373428,2017-09-02 17:00:28,0,11.336646,10.634498,2.288112,0.545265,0.045123,0.106281,4.399062,5.363751,0.439725,0.247778,0.629835,-0.748126,-0.033424,1.720898,-1.242814,0.00365,0.024188,5.998996,0.737222,10.142545,0.000572,8011.5
792,463.632,1504373428,1504375228,2017-09-02 17:30:28,0,13.146534,12.435218,2.234531,0.585799,0.066473,0.124649,5.111226,6.056193,0.509356,0.099444,0.808479,-2.576072,0.217796,4.927867,-2.75682,0.004791,0.030152,5.943988,0.513194,13.892426,0.000567,10071.7
793,464.284,1504375228,1504377028,2017-09-02 18:00:28,0,10.186185,9.512761,2.055557,0.67312,0.060071,0.112617,4.295113,4.92172,0.428378,0.122639,0.533214,-2.406762,-0.154471,1.464202,-1.503814,0.005064,0.030895,5.594946,0.683472,12.119691,0.000562,12040.6
794,464.899,1504377028,1504378828,2017-09-02 18:30:28,0,4.836225,4.316555,1.588559,0.547157,0.037559,0.089607,2.009946,2.538079,0.201172,0.367083,0.729019,-0.816398,0.145434,1.681798,0.482046,0.004244,0.031193,4.203915,0.823194,9.328017,0.000557,12665.5
795,465.562,1504378828,1504380628,2017-09-02 19:00:28,0,12.107262,11.397178,2.334513,0.563343,0.041698,0.084677,4.241537,4.595197,0.425341,0.219583,0.772096,-4.580113,0.197225,2.765446,1.894788,0.004554,0.030917,3.963742,0.629028,13.297678,0.000552,11661.7
796,466.292,1504380628,1504382428,2017-09-02 19:30:28,0,8.694944,8.091864,1.788923,0.651897,0.059242,0.112602,3.324002,3.70295,0.331346,0.219583,0.702336,-3.316042,0.159864,1.303675,-2.783331,0.005997,0.026567,5.178659,0.814722,15.906416,0.000547,10655.6
797,466.895,1504382428,1504384228,2017-09-02 20:00:28,0,26.789217,25.724808,3.580402,0.778684,0.04778,0.119203,6.056244,7.607194,0.612635,0.333194,0.569192,-0.366394,0.214271,-3.065119,5.226636,0.005164,0.029415,5.918529,0.722222,14.642987,0.000542,12953.3
798,467.57,1504384228,1504386028,2017-09-02 20:30:28,0,16.607019,15.986888,1.8634,0.49478,0.077609,0.167496,4.509464,5.752162,0.455293,0.365833,0.759679,-0.34779,0.547453,4.09021,3.831555,0.006329,0.028968,6.547907,0.86875,16.232597,0.000537,11433.4
799,468.265,1504386028,1504387828,2017-09-02 21:00:28,0,12.978694,12.311343,2.016293,0.756754,0.048891,0.102147,4.095988,5.119943,0.411312,0.076667,0.531565,-0.909628,-0.12847,-0.184867,2.132443,0.003683,0.0283,5.739952,0.751667,11.512346,0.000532,11164.1
800,469.035,1504387828,1504389628,2017-09-02 21:30:28,0,9.401812,8.768445,1.886891,0.546034,0.084367,0.145592,3.575791,4.221792,0.358436,0.368333,0.654522,0.119275,0.426781,1.627952,0.197521,0.006507,0.029904,6.493029,0.840556,11.079478,0.000527,9976.3
801,469.665,1504389628,1504391428,2017-09-02 22:00:28,0,17.092909,16.294346,2.322654,0.709346,0.116247,0.208753,5.654896,6.464862,0.562784,0.295278,0.593104,-1.285774,0.183291,0.321295,-2.294424,0.006599,0.035793,7.498254,0.610833,8.384923,0.000522,12345.3
802,470.252,1504391428,1504393228,2017-09-02 22:30:28,0,17.3407,16.591106,2.150585,0.765902,0.104536,0.171703,5.186022,6.467739,0.515798,0.260139,0.443259,-2.748498,-0.231623,-0.822228,-1.317212,0.007049,0.031356,7.255472,0.804306,16.707783,0.000517,13291.7
803,470.798,1504393228,1504395028,2017-09-02 23:00:28,0,16.938793,16.007248,2.986073,0.592114,0.108764,0.154763,5.670589,6.395109,0.569789,0.206111,0.644212,-3.132193,0.203567,4.073313,3.358874,0.006647,0.029956,6.336257,0.617917,13.755688,0.000513,14347.1
804,471.365,1504395028,1504396828,2017-09-02 23:30:28,0,13.413797,12.61683,2.480416,0.607776,0.085226,0.172807,4.309295,4.905023,0.429199,0.139167,0.649447,-1.825985,-0.833048,0.709797,-1.606895,0.006363,0.034747,6.406362,0.818472,17.988918,0.000508,13814.2
805,471.937,1504396828,1504398628,2017-09-03 00:00:28,0,17.280521,16.504078,2.468567,0.634561,0.061423,0.136319,5.810686,6.308512,0.576985,0.308611,0.818846,-2.338299,0.336962,2.825755,-5.541424,0.006557,0.036374,6.526221,0.674444,15.961946,0.000503,13682.0
806,472.584,1504398628,1504400428,2017-09-03 00:30:28,0,9.868939,9.171899,2.022207,0.711327,0.089189,0.156384,4.110737,4.782216,0.409829,0.202222,0.559161,-1.2917,0.073356,0.493977,-2.185433,0.008788,0.032985,7.034953,0.776944,9.892805,0.000498,11947.5
807,473.344,1504400428,1504402228,2017-09-03 01:00:28,0,6.724863,6.084852,1.82874,0.70847,0.080268,0.141978,2.701929,3.25142,0.270415,0.337222,0.615071,-1.932321,-0.112832,0.710471,0.261457,0.005923,0.035289,5.91278,0.757222,9.699988,0.000493,10319.7
808,474.076,1504402228,1504404028,2017-09-03 01:30:28,0,12.539193,11.697735,2.62181,0.66207,0.0932,0.153871,4.670212,5.292645,0.468707,0.139167,0.540949,-6.698124,-1.45195,3.012952,4.211122,0.006169,0.038583,5.66367,0.628194,18.308523,0.000489,10721.1
809,474.995,1504404028,1504405828,2017-09-03 02:00:28,0,11.814703,11.143235,2.0509,0.535339,0.083421,0.14195,4.102263,5.189382,0.412087,0.247083,0.78372,-1.490063,0.292326,2.604111,2.717592,0.00638,0.034122,5.929069,0.686806,10.66512,0.000484,8557.1
810,476.019,1504405828,1504407628,2017-09-03 02:30:28,0,10.257778,9.61079,1.933164,0.578012,0.077423,0.152713,4.036297,4.824116,0.402112,0.309861,0.654513,-0.045697,0.307027,2.301995,-2.314896,0.005369,0.026383,7.09711,0.757778,12.799864,0.000479,7526.8
811,476.642,1504407628,1504409428,2017-09-03 03:00:28,0,12.215565,11.578186,1.925895,0.633397,0.059874,0.124853,4.356527,4.773043,0.433739,0.178056,0.598307,-2.189797,0.280283,2.197803,-1.888723,0.006108,0.032865,5.859814,0.822778,14.968892,0.000475,12496.6
812,477.304,1504409428,1504411228,2017-09-03 03:30:28,0,7.860295,7.1765,2.174497,0.616357,0.051274,0.084761,3.38477,3.894084,0.339196,0.191806,0.696176,-2.465548,0.081717,1.422181,2.630304,0.005135,0.029267,4.25273,0.601944,11.039162,0.00047,11784.5
813,477.925,1504411228,1504413028,2017-09-03 04:00:28,0,18.069757,17.119123,3.067322,0.828844,0.059004,0.120368,6.776684,7.254195,0.675476,0.020278,0.528324,-5.937451,0.054819,1.789507,-4.279083,0.006746,0.037877,5.61109,0.351806,13.775316,0.000466,12520.6
814,478.587,1504413028,1504414828,2017-09-03 04:30:28,0,8.282936,7.606316,2.145334,0.491123,0.060535,0.151492,3.859819,4.620621,0.384797,0.155139,0.744514,-0.931472,0.304048,2.016293,-2.225731,0.006747,0.038945,6.304234,0.76625,13.957479,0.000461,11856.6
815,479.342,1504414828,1504416628,2017-09-03 05:00:28,0,6.570694,5.929432,1.908057,0.559809,0.082596,0.153599,2.916548,3.40449,0.291627,0.252083,0.731826,-1.855113,0.304203,1.72708,0.215004,0.007359,0.035021,6.140975,0.833194,7.321878,0.000456,10151.8
816,479.956,1504416628,1504418428,2017-09-03 05:30:28,0,3.089455,2.54078,1.675459,0.515811,0.049372,0.114077,1.965283,2.378404,0.196454,0.318889,0.713331,-0.758414,-0.12631,2.014175,-0.456441,0.005839,0.035364,5.885016,0.917917,6.348166,0.000452,12917.2
817,480.555,1504418428,1504420228,2017-09-03 06:00:28,0,5.027507,4.456121,1.750607,0.587137,0.049177,0.08079,2.232059,2.612051,0.222957,0.290833,0.725471,-1.05968,0.084318,1.207337,-0.817425,0.004941,0.027157,4.212898,0.804444,7.605356,0.000447,13032.4
818,481.154,1504420228,1504422028,2017-09-03 06:30:28,0,8.468045,7.891349,1.858484,0.482495,0.035181,0.092961,2.977341,3.516248,0.298481,0.344861,0.834191,-1.762327,0.474137,3.353865,1.670344,0.00452,0.030065,5.036119,0.751528,10.274689,0.000443,12994.3
819,481.781,1504422028,1504423828,2017-09-03 07:00:28,0,8.533956,7.87223,2.115344,0.410953,0.068671,0.150225,3.832471,4.433484,0.3832,0.177917,0.772905,-2.360051,0.102162,3.571475,-1.231006,0.005273,0.02724,6.051694,0.703194,17.624065,0.000438,12352.6
820,482.433,1504423828,1504425628,2017-09-03 07:30:28,0,4.575187,4.010289,1.669798,0.510476,0.074544,0.130757,1.953965,2.460884,0.195756,0.47875,0.729955,-0.079777,0.115841,0.811437,1.366844,0.00574,0.030038,5.371896,0.882361,12.874212,0.000434,11876.0
821,482.987,1504425628,1504427428,2017-09-03 08:00:28,0,9.659678,8.917517,2.457215,0.61728,0.033227,0.076648,3.904997,4.48822,0.391004,0.063194,0.547709,-3.700386,0.043065,1.638214,0.955967,0.003867,0.029532,3.916075,0.625278,12.722036,0.000429,14164.7
822,483.611,1504427428,1504429228,2017-09-03 08:30:28,0,13.578651,12.427592,4.005717,0.520874,0.069347,0.149448,5.044351,6.060059,0.502681,0.242361,0.578421,-0.470344,0.202903,1.2252,-1.520648,0.007018,0.038664,6.454049,0.796389,10.097537,0.000425,12464.6
823,484.17,1504429228,1504431028,2017-09-03 09:00:28,0,16.555737,15.660831,2.927184,0.580919,0.073346,0.15982,5.361015,6.471049,0.538016,0.253611,0.776655,-2.161753,-0.573717,3.640117,2.872677,0.006061,0.030536,5.56945,0.662222,13.828735,0.000421,14087.5
824,484.742,1504431028,1504432828,2017-09-03 09:30:28,0,19.311434,18.586779,2.327001,0.491875,0.063812,0.15418,7.23715,7.956826,0.728373,0.121389,0.870664,-3.398476,0.366786,6.507342,5.943535,0.005864,0.036826,6.771689,0.625417,24.095543,0.000416,13680.8
825,485.309,1504432828,1504434628,2017-09-03 10:00:28,0,25.356403,23.600788,6.441313,0.53874,0.063131,0.132986,6.894884,7.780242,0.696374,0.315556,0.66543,-1.119258,0.016382,0.715842,5.215662,0.006284,0.028756,5.143881,0.75125,19.435226,0.000412,13826.7
826,485.971,1504434628,1504436428,2017-09-03 10:30:28,0,16.195414,15.423579,2.371942,0.680444,0.071217,0.170261,5.277119,5.841337,0.530683,0.324167,0.633471,-1.225376,0.369391,0.129598,4.34476,0.005298,0.027885,5.847829,0.745556,17.704538,0.000408,11718.5
827,486.583,1504436428,1504438228,2017-09-03 11:00:28,0,18.677586,17.617233,3.625391,0.743156,0.039206,0.095047,6.347149,7.053348,0.637437,0.074306,0.376048,-4.659617,-0.291439,-1.962504,1.904817,0.004092,0.026866,4.984274,0.517083,12.245378,0.000403,12786.3
828,487.157,1504438228,1504440028,2017-09-03 11:30:28,0,12.034063,11.323509,2.264576,0.590927,0.051947,0.123014,4.408497,4.938859,0.440532,0.248333,0.633463,-0.49336,0.121648,2.253402,-0.366891,0.005525,0.029272,5.340012,0.723611,16.953943,0.000399,13850.5
829,487.728,1504440028,1504441828,2017-09-03 12:00:28,0,13.652463,12.856522,2.587113,0.688926,0.041814,0.103678,5.358859,6.153065,0.537673,0.13625,0.46676,-1.422737,-0.255208,-1.070004,2.915827,0.003952,0.02822,4.69712,0.499583,9.925908,0.000395,13734.6
830,488.376,1504441828,1504443628,2017-09-03 12:30:28,0,11.983598,11.188286,2.61299,0.499209,0.061563,0.151225,4.347765,5.083386,0.434623,0.347361,0.791586,-3.580035,0.353489,3.364735,0.058965,0.005557,0.034554,6.24612,0.787917,10.972827,0.000391,11965.6
831,488.985,1504443628,1504445428,2017-09-03 13:00:28,0,17.204464,16.318457,2.849033,0.605869,0.084208,0.161725,6.249892,7.174739,0.627204,0.122639,0.652777,-2.392666,0.126034,2.237389,2.772367,0.005751,0.026236,6.09516,0.587917,12.985494,0.000387,12820.1
832,489.556,1504445428,1504447228,2017-09-03 13:30:28,0,41.356461,39.451698,6.991956,0.596183,0.062958,0.147856,12.771075,13.654879,1.29327,0.240278,0.701911,-4.747341,0.118131,5.574324,12.608738,0.005244,0.031445,6.210944,0.371389,26.541609,0.000382,13859.0
833,490.202,1504447228,1504449028,2017-09-03 14:00:28,0,22.517979,21.649073,2.699473,0.626698,0.095897,0.212479,6.997507,8.617484,0.698674,0.282778,0.680718,-0.377761,0.183529,1.716509,-1.177572,0.006021,0.02943,6.552758,0.687222,24.055813,0.000378,12139.4
834,490.77,1504449028,1504450828,2017-09-03 14:30:28,0,17.970867,17.157154,2.450289,0.777623,0.083838,0.170976,6.280448,7.140372,0.628975,0.114028,0.563404,-3.17752,-0.065525,0.813379,0.909889,0.004849,0.025773,6.485163,0.581111,13.12496,0.000374,13888.9
835,491.33,1504450828,1504452628,2017-09-03 15:00:28,0,23.526772,22.354753,4.015618,0.640119,0.071477,0.146041,7.867997,8.82872,0.780789,0.198056,0.572936,-1.058436,-0.313604,0.156022,-5.966922,0.006446,0.033393,5.690265,0.595278,16.11116,0.00037,14019.3
836,491.915,1504452628,1504454428,2017-09-03 15:30:28,0,16.209112,15.466122,2.356516,0.527501,0.073505,0.153168,6.266988,7.453481,0.627354,0.225,0.620388,-3.305262,0.132304,2.950282,-0.167575,0.005736,0.030789,6.271048,0.510833,13.05376,0.000366,13682.2
837,492.5,1504454428,1504456228,2017-09-03 16:00:28,0,14.61319,13.825819,2.437018,0.742917,0.063942,0.141563,5.508299,5.987816,0.549743,0.085833,0.604273,-2.028862,-0.034007,2.425307,-1.305861,0.004245,0.027541,5.392262,0.539861,13.476056,0.000362,13847.6
838,493.114,1504456228,1504458028,2017-09-03 16:30:28,0,13.083061,12.430989,2.019654,0.585217,0.057677,0.123849,4.403724,5.089104,0.438345,0.278611,0.686634,-0.458731,0.175816,2.437901,-2.978389,0.006288,0.030095,5.692958,0.632917,14.243628,0.000358,13094.1
839,493.712,1504458028,1504459828,2017-09-03 17:00:28,0,8.60212,7.915473,2.154621,0.641259,0.049391,0.110848,3.937947,4.421434,0.392879,0.108194,0.41291,-3.341317,0.124644,0.607513,-2.967356,0.004946,0.030846,4.588491,0.461528,13.478753,0.000354,13140.6
840,494.467,1504459828,1504461628,2017-09-03 17:30:28,0,10.610349,9.902173,2.289175,0.604808,0.043343,0.095776,4.165054,4.834888,0.415107,0.150694,0.63257,-1.940862,-0.008556,2.35855,-2.871565,0.004687,0.031549,3.857473,0.627639,12.433798,0.00035,10199.2
841,495.232,1504461628,1504463428,2017-09-03 18:00:28,0,9.421832,8.79064,1.898098,0.727548,0.044673,0.103662,3.785674,4.282215,0.379324,0.155694,0.526952,-1.12303,-0.297229,1.258729,1.13581,0.004157,0.028395,4.77355,0.626944,12.645756,0.000346,10298.6
842,495.837,1504463428,1504465228,2017-09-03 18:30:28,0,6.369618,5.811496,1.78057,0.47146,0.04017,0.090795,3.262241,3.799759,0.326191,0.195972,0.879362,-2.834912,0.222603,2.543353,-0.859705,0.00433,0.03324,4.886306,0.734028,12.210616,0.000342,12991.6
843,496.505,1504465228,1504467028,2017-09-03 19:00:28,0,2.674123,2.139737,1.630581,0.470069,0.052581,0.123408,1.844592,2.36046,0.184479,0.403889,0.773541,-0.894836,0.237301,2.128237,-0.34421,0.003023,0.024377,5.772322,0.985278,4.089643,0.000338,11630.2
844,497.072,1504467028,1504468828,2017-09-03 19:30:28,0,10.390328,9.776995,1.890071,0.723704,0.033003,0.062288,3.974982,4.25005,0.396431,0.261667,0.50618,-3.819196,0.009079,0.948862,-2.100138,0.00354,0.023521,4.10619,0.542222,12.733335,0.000334,13862.1
845,497.634,1504468828,1504470628,2017-09-03 20:00:28,0,4.929395,4.360095,1.622336,0.768568,0.047471,0.099745,2.598483,2.907578,0.259761,0.178889,0.272946,-3.0242,-0.31294,-0.381136,-0.962197,0.003228,0.021091,4.502411,0.785833,11.51217,0.000331,13925.5
846,498.208,1504470628,1504472428,2017-09-03 20:30:28,0,5.665787,5.092638,1.813524,0.530675,0.039252,0.08308,2.321986,2.918972,0.23235,0.326944,0.788161,-0.82625,0.250747,1.793307,0.37867,0.004858,0.029927,4.561727,0.764583,9.252585,0.000327,13672.5
847,498.8,1504472428,1504474228,2017-09-03 21:00:28,0,9.788496,9.136753,2.087081,0.481287,0.053017,0.129846,3.877518,4.277377,0.38886,0.2075,0.733337,-1.721067,-0.250568,2.629608,1.94065,0.004773,0.026253,5.369126,0.741389,15.006154,0.000323,13201.5
848,499.418,1504474228,1504476028,2017-09-03 21:30:28,0,12.986392,12.374796,1.862456,0.645027,0.04874,0.099919,4.066171,4.51165,0.404796,0.27375,0.808142,-1.665986,0.425474,2.314516,-1.685841,0.004635,0.024487,5.101515,0.771528,12.351147,0.000319,12580.4
849,500.033,1504476028,1504477828,2017-09-03 22:00:28,0,10.239847,9.570626,1.909217,0.714455,0.090733,0.15154,4.233024,5.020561,0.421778,0.186944,0.373686,-1.962445,-0.503276,0.124011,-3.243429,0.005523,0.022349,5.597205,0.674167,12.853266,0.000316,12652.3
850,500.632,1504477828,1504479628,2017-09-03 22:30:28,0,12.033224,11.271876,2.47034,0.550353,0.058537,0.130437,4.516266,5.710785,0.451537,0.162361,0.732585,-4.158954,0.128112,2.408951,-1.441338,0.005589,0.032791,5.984123,0.655139,10.053815,0.000312,12994.2
851,501.267,1504479628,1504481428,2017-09-03 23:00:28,0,21.892609,20.832932,3.616812,0.583783,0.061369,0.155421,7.087161,7.807871,0.703689,0.232917,0.730672,-5.380146,0.241241,4.858297,-6.412462,0.00563,0.029733,6.078196,0.674861,17.870888,0.000308,12214.5
852,501.899,1504481428,1504483228,2017-09-03 23:30:28,0,14.773149,13.927923,2.777164,0.53977,0.065925,0.152073,5.972598,6.488144,0.595921,0.29625,0.597005,-1.197788,-0.044911,2.067824,-2.294129,0.007674,0.03061,6.06571,0.640556,12.670432,0.000305,12354.8
853,502.619,1504483228,1504485028,2017-09-04 00:00:28,0,12.80042,12.056599,2.287203,0.774647,0.050818,0.126661,4.742368,5.473043,0.475358,0.113333,0.233526,-3.978386,-0.161824,-0.799805,2.508016,0.004353,0.024826,5.759526,0.653889,14.245955,0.000301,10869.0
854,503.377,1504485028,1504486828,2017-09-04 00:30:28,0,4.707314,4.140834,1.728835,0.417334,0.067505,0.155842,2.443475,3.003549,0.245078,0.477639,0.810619,-0.317719,0.596583,2.625113,2.058867,0.005548,0.029344,6.390121,0.969861,17.264364,0.000297,10211.4
855,503.988,1504486828,1504488628,2017-09-04 01:00:28,0,6.169995,5.580524,1.80443,0.67889,0.033943,0.080822,2.708706,3.144025,0.270765,0.311389,0.514456,-0.472003,-0.043149,-0.299128,-0.083494,0.003033,0.02355,3.893242,0.76,9.751686,0.000294,12974.0
856,504.619,1504488628,1504490428,2017-09-04 01:30:28,0,8.454188,7.800625,1.974962,0.624505,0.066985,0.129787,3.360784,3.870043,0.335973,0.240417,0.507264,-2.05395,-0.100242,1.198243,-0.358508,0.007364,0.02917,5.442024,0.774167,12.43761,0.00029,12324.4
857,505.246,1504490428,1504492228,2017-09-04 02:00:28,0,23.39646,21.702166,6.057964,0.665042,0.078715,0.164087,7.769844,8.959252,0.772584,0.036389,0.719073,-3.13982,-0.210008,5.634962,-4.954309,0.006305,0.033179,5.602754,0.518889,11.640165,0.000287,12383.9
858,505.844,1504492228,1504494028,2017-09-04 02:30:28,0,16.660192,15.709146,3.000633,0.542772,0.119102,0.240059,7.112863,8.281262,0.709068,0.080556,0.542917,-0.513674,0.102027,2.827092,-2.803879,0.009302,0.04485,7.767752,0.455556,12.124426,0.000283,13127.1
859,506.424,1504494028,1504495828,2017-09-04 03:00:28,0,8.053232,7.310295,2.260868,0.479332,0.104401,0.215903,3.830722,4.504553,0.383715,0.200139,0.633569,-0.184333,0.280385,1.513257,0.973023,0.008835,0.041099,7.58101,0.792222,11.381106,0.00028,13552.5
860,507.004,1504495828,1504497628,2017-09-04 03:30:28,0,13.125818,12.297743,2.75806,0.616167,0.041675,0.10565,5.015326,5.701873,0.503573,0.200972,0.685014,-3.412113,0.153849,1.575224,4.751737,0.005549,0.035755,5.271492,0.532917,13.433143,0.000277,13543.2
861,507.573,1504497628,1504499428,2017-09-04 04:00:28,0,10.30612,9.611204,2.158987,0.485529,0.079987,0.171735,4.465458,5.175655,0.445989,0.123611,0.84048,-2.243639,0.33007,4.303405,-0.253462,0.006787,0.031433,6.775543,0.725833,15.490399,0.000273,13779.7
862,508.198,1504499428,1504501228,2017-09-04 04:30:28,0,9.371006,8.752831,1.843149,0.682044,0.050761,0.123127,3.649604,4.450161,0.36507,0.175,0.590636,-2.045368,-0.489399,1.371672,0.842926,0.004182,0.030156,5.429323,0.738194,6.8007,0.00027,12485.5
863,508.821,1504501228,1504503028,2017-09-04 05:00:28,0,11.777375,11.041276,2.232665,0.728968,0.064073,0.15072,4.25191,5.11724,0.424148,0.205139,0.495204,-2.533914,-0.936503,0.868799,-2.524021,0.006767,0.02877,6.136331,0.697361,12.355778,0.000267,12496.6
864,509.389,1504503028,1504504828,2017-09-04 05:30:28,0,5.409431,4.77404,1.912162,0.422828,0.094204,0.18702,3.011394,3.627792,0.301013,0.322917,0.766885,0.125608,0.35925,2.289045,-0.213371,0.007918,0.043103,6.550769,0.907361,6.510802,0.000263,13765.5
865,509.953,1504504828,1504506628,2017-09-04 06:00:28,0,9.674335,9.024077,1.998873,0.609494,0.05749,0.123105,3.972145,4.580017,0.398014,0.104722,0.784454,-3.014096,0.256484,2.924007,2.56631,0.006539,0.027399,5.316714,0.640694,13.77317,0.00026,13907.1
866,510.519,1504506628,1504508428,2017-09-04 06:30:28,0,26.425926,24.592329,6.677214,0.691317,0.058928,0.126198,9.032081,9.946623,0.90807,0.111111,0.519466,-4.302009,-0.283888,1.383956,5.220153,0.005088,0.026277,5.397704,0.479861,16.636223,0.000257,13868.3
867,511.1,1504508428,1504510228,2017-09-04 07:00:28,0,33.770779,32.527287,4.198142,0.687189,0.085686,0.197361,10.11309,12.737047,1.021309,0.050278,0.560727,-1.712182,0.074657,-0.030507,1.982471,0.007564,0.040874,7.587505,0.577778,30.029434,0.000254,13516.6
868,511.673,1504510228,1504512028,2017-09-04 07:30:28,0,72.684532,71.499901,4.037197,0.504414,0.088854,0.231765,17.811579,19.634009,1.835166,0.103333,0.696537,-2.314228,0.166836,16.124213,14.169402,0.007034,0.035198,8.018237,0.456667,23.700827,0.000251,13769.2
869,512.244,1504512028,1504513828,2017-09-04 08:00:28,0,28.205965,27.332413,2.826431,0.48406,0.089865,0.202087,8.351582,9.751604,0.827085,0.163472,0.688915,-1.679276,-0.037202,7.239919,-7.032935,0.004511,0.036773,6.089518,0.479861,19.621716,0.000247,13777.2
870,512.816,1504513828,1504515628,2017-09-04 08:30:28,0,29.157654,28.229218,2.733124,0.722583,0.144294,0.250956,8.081948,9.288453,0.805737,0.293889,0.655312,-0.016967,0.171933,3.133702,-1.885785,0.006414,0.030114,6.252362,0.600833,10.173299,0.000244,13755.0
871,513.385,1504515628,1504517428,2017-09-04 09:00:28,0,31.067339,30.263844,2.574782,0.523923,0.076241,0.177333,8.446576,11.332723,0.836975,0.172917,0.798623,-1.282426,0.15434,8.238237,0.084859,0.005327,0.0278,7.02607,0.605278,15.701612,0.000241,13789.7
872,513.946,1504517428,1504519228,2017-09-04 09:30:28,0,10.631759,9.965669,2.035084,0.713634,0.045954,0.113507,4.079335,4.514499,0.406644,0.195694,0.536562,-0.988081,0.078199,1.117278,-3.423448,0.003662,0.029779,5.42399,0.682222,15.065449,0.000238,14038.2
873,514.5,1504519228,1504521028,2017-09-04 10:00:28,0,9.990581,9.347218,1.956067,0.674591,0.049946,0.115951,4.090739,4.796577,0.408281,0.098889,0.346924,-2.492249,-0.251279,1.342176,-0.505135,0.00424,0.033345,4.383033,0.600972,13.7612,0.000235,14190.4
874,515.057,1504521028,1504522828,2017-09-04 10:30:28,0,7.167527,6.573199,1.762655,0.604553,0.055545,0.148271,3.276699,3.761164,0.327628,0.279861,0.555135,-0.858418,0.065048,2.066428,-0.081633,0.003547,0.029703,5.138709,0.767083,12.984311,0.000232,14087.5
875,515.672,1504522828,1504524628,2017-09-04 11:00:28,0,28.97393,27.767576,4.245748,0.636447,0.048584,0.101497,7.875233,9.213923,0.795959,0.084722,0.622963,-3.452112,0.070462,1.828899,5.002253,0.003808,0.025196,4.73793,0.453056,12.154046,0.000229,12769.6
876,516.243,1504524628,1504526428,2017-09-04 11:30:28,0,22.38987,21.734636,1.970674,0.672714,0.053687,0.147237,6.861366,7.516107,0.692564,0.122361,0.571873,-2.931153,-0.154569,4.15895,5.713025,0.004448,0.032203,6.752734,0.674306,18.624683,0.000226,13722.5
877,516.812,1504526428,1504528228,2017-09-04 12:00:28,0,16.605494,15.852767,2.271762,0.730164,0.081218,0.132658,5.920144,6.867078,0.595327,0.155139,0.36976,-1.471396,-0.062866,-2.712654,3.575501,0.00399,0.024795,5.140137,0.443472,18.601261,0.000223,13812.1
878,517.355,1504528228,1504530028,2017-09-04 12:30:28,0,8.302843,7.629669,2.064652,0.567856,0.068181,0.154623,3.880175,4.550245,0.388644,0.124722,0.69347,-1.214277,0.285292,2.082852,1.31107,0.00563,0.031583,6.028128,0.710972,8.61131,0.000221,14509.0
879,517.918,1504530028,1504531828,2017-09-04 13:00:28,0,16.863216,15.962472,3.026628,0.541538,0.059374,0.136164,6.086538,6.714576,0.609028,0.243472,0.693619,-9.927463,0.17412,3.47845,1.026,0.003914,0.029699,5.114876,0.544444,12.569131,0.000218,13953.4
880,518.493,1504531828,1504533628,2017-09-04 13:30:28,0,28.652168,27.796186,2.629037,0.759565,0.08945,0.155583,7.841914,8.527629,0.776455,0.14375,0.310841,-3.151251,-0.378438,4.373118,-5.640092,0.004073,0.029433,5.929166,0.621528,19.400774,0.000215,13595.9
881,519.1,1504533628,1504535428,2017-09-04 14:00:28,0,21.009516,20.147322,2.78927,0.691635,0.06268,0.117622,6.161987,7.062331,0.620118,0.250972,0.442108,-0.817198,-0.307259,0.446018,2.596985,0.005013,0.029062,4.699443,0.604028,18.139601,0.000212,12852.6
882,519.693,1504535428,1504537228,2017-09-04 14:30:28,0,9.073183,8.471899,1.860233,0.525272,0.051927,0.131393,3.775893,4.452327,0.379165,0.335417,0.693688,-0.645055,0.142919,0.671299,1.861572,0.005106,0.029619,5.47676,0.788333,14.320277,0.000209,13195.2
883,520.256,1504537228,1504539028,2017-09-04 15:00:28,0,20.048624,19.269182,2.5257,0.67972,0.040717,0.108138,6.401927,7.086113,0.64429,0.173889,0.634148,-1.820839,0.146353,3.979606,4.308299,0.002511,0.020129,5.972779,0.577361,15.210065,0.000207,13882.1
884,520.847,1504539028,1504540828,2017-09-04 15:30:28,0,23.599966,22.786175,2.580218,0.605566,0.07628,0.160661,6.822353,7.379821,0.689119,0.281806,0.620619,-2.19098,0.324523,-2.017324,5.409542,0.005643,0.026474,5.46058,0.709861,21.190605,0.000204,13220.3
885,521.397,1504540828,1504542628,2017-09-04 16:00:28,0,11.229668,10.614022,1.807953,0.771736,0.04608,0.101242,3.737894,4.187137,0.3738,0.255556,0.522976,-1.952677,-0.015851,-1.52341,0.977906,0.002361,0.017363,4.807268,0.733056,13.044475,0.000201,14207.5
886,521.968,1504542628,1504544428,2017-09-04 16:30:28,0,7.399987,6.826442,1.66689,0.657382,0.057016,0.120024,2.993925,3.610937,0.300147,0.300972,0.354107,-0.61946,-0.117877,-0.080485,1.603767,0.003708,0.019585,5.573804,0.868194,12.562058,0.000199,13720.8
887,522.54,1504544428,1504546228,2017-09-04 17:00:28,0,5.951718,5.420505,1.573287,0.619038,0.045104,0.089862,2.591208,3.11101,0.259761,0.328333,0.720957,-0.71197,0.228918,1.248209,1.671597,0.003265,0.021139,4.790505,0.884444,14.544927,0.000196,13659.0
888,523.098,1504546228,1504548028,2017-09-04 17:30:28,0,5.127393,4.600569,1.549495,0.673442,0.036308,0.083243,2.297985,2.564611,0.230254,0.268889,0.434983,-1.939666,-0.253375,-0.144349,1.817881,0.002607,0.01985,4.009939,0.927222,13.908067,0.000194,14121.5
889,523.644,1504548028,1504549828,2017-09-04 18:00:28,0,7.776408,7.234751,1.677,0.624262,0.025847,0.066299,3.003147,3.632746,0.29967,0.303056,0.739015,-0.218488,0.102118,0.807319,-1.070324,0.001599,0.018217,4.13572,0.789583,7.166385,0.000191,14302.8
890,524.219,1504549828,1504551628,2017-09-04 18:30:28,0,20.961538,20.1896,2.452244,0.567148,0.072999,0.150025,5.935314,6.400703,0.588518,0.36125,0.829762,-3.767078,0.293453,5.959442,-5.76028,0.003589,0.024508,6.11096,0.720278,16.976896,0.000189,13542.3
891,524.829,1504551628,1504553428,2017-09-04 19:00:28,0,8.041214,7.388712,1.911843,0.637333,0.075623,0.167834,3.566548,4.227143,0.356372,0.225972,0.629883,-1.733936,-0.094929,1.699947,0.357461,0.004809,0.024905,5.599841,0.78125,14.936043,0.000186,12735.4
892,525.399,1504553428,1504555228,2017-09-04 19:30:28,0,17.268806,16.394701,2.915775,0.653739,0.050639,0.083591,4.769646,5.546701,0.473931,0.32875,0.592718,-1.227502,0.012313,2.175395,-2.90872,0.005549,0.026471,4.005944,0.700556,15.265065,0.000184,13750.8
893,525.961,1504555228,1504557028,2017-09-04 20:00:28,0,7.786436,7.169095,1.922354,0.490692,0.061833,0.130244,3.617131,4.331927,0.361706,0.309861,0.841229,-0.629066,0.193467,2.746789,-0.594806,0.005061,0.025405,6.256911,0.711944,9.389229,0.000182,13910.5
894,526.537,1504557028,1504558828,2017-09-04 20:30:28,0,10.175141,9.432699,2.378642,0.594791,0.056853,0.122253,4.052151,4.777713,0.404729,0.215694,0.671338,-4.729449,0.228022,2.157173,-1.745925,0.005459,0.025721,5.483323,0.609028,8.980267,0.000179,13778.0
895,527.146,1504558828,1504560628,2017-09-04 21:00:28,0,10.957738,10.293736,1.969523,0.634064,0.072691,0.164483,3.955681,4.537736,0.393819,0.2375,0.796317,-1.765238,0.321269,2.373341,-3.456927,0.005885,0.030417,6.735085,0.773611,11.62984,0.000177,12770.8
896,527.722,1504560628,1504562428,2017-09-04 21:30:28,0,7.138123,6.51429,1.886845,0.570392,0.068587,0.12705,3.248963,3.895247,0.324644,0.181389,0.640259,-1.440132,0.161106,0.981347,-0.935974,0.005116,0.029893,4.39218,0.699722,9.602859,0.000175,13610.0
897,528.32,1504562428,1504564228,2017-09-04 22:00:28,0,11.079818,10.433995,1.943258,0.6692,0.058093,0.123862,4.282749,5.110599,0.429736,0.18625,0.537694,-0.534968,0.143981,1.781526,1.876742,0.00436,0.027957,5.643027,0.701111,12.678191,0.000172,13026.7
898,528.96,1504564228,1504566028,2017-09-04 22:30:28,0,8.145764,7.489784,1.892087,0.546081,0.108311,0.1803,3.470096,4.050302,0.348145,0.220278,0.651548,-0.427608,0.237252,2.277911,1.935686,0.007216,0.032511,6.850333,0.874306,10.877735,0.00017,12182.7
899,529.532,1504566028,1504567828,2017-09-04 23:00:28,0,6.048267,5.491026,1.710832,0.503846,0.052153,0.113318,2.986056,3.752841,0.299157,0.240417,0.710009,-1.569637,0.182265,2.04749,0.693281,0.004816,0.025194,5.76165,0.848333,9.800452,0.000168,13709.8
900,530.271,1504567828,1504569628,2017-09-04 23:30:28,0,10.309772,9.583649,2.25965,0.617717,0.066906,0.142057,4.374994,4.729085,0.4388,0.069861,0.509389,-5.63504,-0.124174,1.572792,4.288243,0.00432,0.028287,5.184122,0.593194,18.665882,0.000166,10378.8
901,530.864,1504569628,1504571428,2017-09-05 00:00:28,0,14.517179,13.689344,2.820329,0.493994,0.041823,0.1178,4.231701,5.249812,0.42572,0.368611,0.757531,-0.892966,0.350568,1.601061,2.674464,0.004553,0.030167,5.254803,0.763472,12.174795,0.000164,13204.5
902,531.412,1504571428,1504573228,2017-09-05 00:30:28,0,21.483742,20.802891,2.124089,0.579447,0.055773,0.147225,6.423606,6.834965,0.648289,0.277361,0.819744,-2.713228,0.389458,3.078748,5.732292,0.004644,0.026853,6.609344,0.6775,19.441065,0.000162,14324.5
903,531.954,1504573228,1504575028,2017-09-05 01:00:28,0,9.775696,9.165583,1.818977,0.56012,0.069701,0.147651,3.246491,4.242109,0.325225,0.328472,0.648908,-0.688085,0.218488,0.532405,0.289594,0.004579,0.026292,5.661951,0.848889,13.107714,0.00016,14482.3
904,532.539,1504575028,1504576828,2017-09-05 01:30:28,0,58.080116,56.772335,4.376306,0.671874,0.116144,0.216172,13.771949,14.609401,1.40937,0.151528,0.753959,-3.425407,0.200969,1.831349,10.718574,0.005362,0.030775,6.187907,0.557222,23.612135,0.000158,13327.4
905,533.101,1504576828,1504578628,2017-09-05 02:00:28,0,34.317623,33.40839,2.926468,0.490153,0.098851,0.22391,9.211594,11.150152,0.921923,0.184167,0.683742,-3.215025,-0.053262,4.933736,-2.008018,0.005405,0.032958,5.875859,0.521667,20.445755,0.000156,14013.0
906,533.699,1504578628,1504580428,2017-09-05 02:30:28,0,43.918079,42.993248,2.937311,0.615379,0.096888,0.200313,10.555159,12.006019,1.036547,0.230417,0.715373,-1.064111,0.141475,9.806571,-8.334617,0.004948,0.030731,6.530312,0.62125,22.291016,0.000154,13276.4
907,534.476,1504580428,1504582228,2017-09-05 03:00:28,0,20.742809,20.03772,2.157805,0.597188,0.072504,0.162779,6.414949,7.549791,0.636984,0.110278,0.582397,-2.444945,-0.004776,4.332951,-4.277802,0.005762,0.032391,6.408142,0.74,17.623423,0.000152,9880.0
908,535.077,1504582228,1504584028,2017-09-05 03:30:28,0,7.735603,7.13377,1.733934,0.738809,0.054201,0.125041,3.042767,3.504621,0.304017,0.265139,0.477876,-1.206586,-0.032599,0.746237,-0.145065,0.003289,0.029231,6.138678,0.900972,11.691236,0.00015,13181.7
909,535.635,1504584028,1504585828,2017-09-05 04:00:28,0,6.91818,6.355844,1.683077,0.666066,0.042248,0.081537,2.541446,3.050822,0.254717,0.335,0.67436,-1.493127,0.078912,0.646974,1.463134,0.00378,0.02399,4.182374,0.814028,9.662575,0.000148,14057.0
910,536.21,1504585828,1504587628,2017-09-05 04:30:28,0,13.334352,12.680066,1.907313,0.713316,0.072081,0.13606,3.79558,4.510274,0.377957,0.3475,0.564509,-0.991723,-0.230405,0.786711,-1.946375,0.006471,0.02838,5.514349,0.763056,16.956099,0.000146,13554.6
911,536.77,1504587628,1504589428,2017-09-05 05:00:28,0,12.264747,11.600927,1.941644,0.656974,0.085972,0.141395,4.341042,4.977075,0.435678,0.161667,0.540921,-0.730296,-0.019428,-0.354114,1.319768,0.004852,0.024332,5.19199,0.705556,11.98128,0.000144,14054.6
912,537.347,1504589428,1504591228,2017-09-05 05:30:28,0,7.859166,7.214914,1.998804,0.554227,0.05633,0.138096,3.748362,4.420366,0.376209,0.228889,0.596125,-1.877044,0.125755,1.696487,3.442248,0.005837,0.02739,6.000404,0.725556,14.45299,0.000143,13560.4
913,537.912,1504591228,1504593028,2017-09-05 06:00:28,0,11.426417,10.697089,2.290437,0.576025,0.07132,0.137614,4.315457,4.877948,0.431284,0.2275,0.797344,-2.277209,0.315355,2.903529,-0.564608,0.006558,0.027765,5.151719,0.655556,15.492944,0.000141,13838.7
914,538.476,1504593028,1504594828,2017-09-05 06:30:28,0,9.750379,9.068669,2.0853,0.705588,0.052274,0.115908,4.263267,4.767676,0.425513,0.116806,0.525332,-4.91764,-0.007898,2.077636,-1.331636,0.004483,0.027229,5.303884,0.617361,10.144522,0.000139,13940.0
915,539.074,1504594828,1504596628,2017-09-05 07:00:28,0,10.397373,9.732889,1.949029,0.632888,0.087311,0.149537,3.602075,4.358705,0.359306,0.387639,0.677254,-0.87428,0.231792,1.782221,-0.796473,0.005722,0.037118,5.200326,0.777083,13.162614,0.000138,13181.5
916,539.627,1504596628,1504598428,2017-09-05 07:30:28,0,26.171526,25.122545,3.516911,0.646291,0.073599,0.143253,8.376075,9.582817,0.835308,0.160833,0.688259,-8.603357,0.181367,2.836797,-2.916617,0.005557,0.027867,6.038264,0.658333,16.500214,0.000136,14201.5
917,540.185,1504598428,1504600228,2017-09-05 08:00:28,0,24.943468,24.090643,2.709691,0.517827,0.089167,0.221139,9.004697,9.679514,0.905364,0.088889,0.791339,-1.809826,0.34386,6.8237,3.168646,0.004441,0.030686,7.632006,0.590139,18.581671,0.000134,14093.2
918,540.735,1504600228,1504602028,2017-09-05 08:30:28,0,13.406512,12.641727,2.310205,0.670578,0.077619,0.200378,5.035291,6.053493,0.505305,0.200139,0.509442,-0.75844,0.020659,1.385216,2.796981,0.005546,0.02973,7.742707,0.704444,11.405704,0.000133,14288.9
919,541.307,1504602028,1504603828,2017-09-05 09:00:28,0,10.737956,10.091878,1.974237,0.568167,0.061016,0.153421,4.331247,5.066496,0.435086,0.154722,0.62093,-2.559822,0.289166,3.444414,4.043504,0.006034,0.039278,7.278633,0.844722,19.755266,0.000131,13745.8
920,541.896,1504603828,1504605628,2017-09-05 09:30:28,0,14.988414,14.102174,2.947311,0.714043,0.040757,0.08926,5.498177,6.111605,0.550047,0.154722,0.468964,-1.951818,-0.072568,0.414587,-0.214611,0.004495,0.026144,4.460929,0.481111,11.797669,0.00013,13365.9
921,542.66,1504605628,1504607428,2017-09-05 10:00:28,0,11.778469,11.080328,2.171879,0.569702,0.06742,0.146323,4.766203,5.539314,0.476594,0.109861,0.717787,-2.639521,-0.025688,3.638782,0.045531,0.005861,0.029878,5.870024,0.571111,18.13131,0.000128,10063.7
922,543.263,1504607428,1504609228,2017-09-05 10:30:28,0,8.334143,7.714709,1.876783,0.526255,0.065779,0.159163,3.954335,4.754206,0.39594,0.257639,0.554949,0.07243,0.25353,2.012277,0.548873,0.00571,0.028431,7.143967,0.864722,15.331207,0.000127,13091.6
923,543.845,1504609228,1504611028,2017-09-05 11:00:28,0,12.060016,11.26855,2.557492,0.655455,0.049637,0.119963,4.778627,5.538533,0.476052,0.192222,0.665512,-1.942471,0.221356,2.596873,-4.35654,0.005132,0.024886,5.576781,0.655417,15.100861,0.000126,13519.8
924,544.418,1504611028,1504612828,2017-09-05 11:30:28,0,13.915011,13.229824,2.055069,0.59429,0.086072,0.153163,4.699709,5.318746,0.467451,0.254583,0.75839,-1.080119,0.214201,2.587236,-3.390205,0.006347,0.030887,5.565307,0.742083,15.48717,0.000124,13689.0
925,545.053,1504612828,1504614628,2017-09-05 12:00:28,0,5.393242,4.848335,1.632073,0.463776,0.063349,0.146565,2.685963,3.146465,0.267962,0.288889,0.679065,-0.700067,0.389886,2.978488,-1.036636,0.004747,0.02636,5.584941,0.962222,17.51836,0.000123,12253.3
926,545.668,1504614628,1504616428,2017-09-05 12:30:28,0,10.555235,9.843207,2.233057,0.692897,0.052048,0.093004,4.143781,4.625827,0.414114,0.129861,0.412911,-8.711062,-0.041007,-1.103202,-2.018121,0.0048,0.024169,4.442655,0.487778,11.026484,0.000122,12708.2
927,546.313,1504616428,1504618228,2017-09-05 13:00:28,0,4.790261,4.221681,1.752192,0.449964,0.056609,0.145362,2.842966,3.334285,0.284867,0.215972,0.818837,-0.438441,0.00675,2.958553,1.310339,0.004464,0.034478,6.06581,0.885972,11.446075,0.000121,12106.1
928,546.976,1504618228,1504620028,2017-09-05 13:30:28,0,8.796628,8.175594,1.902408,0.574775,0.057143,0.124645,3.383857,3.895173,0.337556,0.281667,0.715157,-0.837304,0.402243,2.964433,-2.306952,0.004418,0.028371,5.681053,0.789028,14.754094,0.000119,11685.6
929,547.551,1504620028,1504621828,2017-09-05 14:00:28,0,6.246897,5.658079,1.722231,0.630359,0.062261,0.131751,2.562064,3.087525,0.256431,0.282917,0.763933,-0.808315,-0.007076,1.452946,0.621322,0.005141,0.028729,4.979496,0.865278,9.859132,0.000118,13748.6
930,548.2,1504621828,1504623628,2017-09-05 14:30:28,0,4.32874,3.747636,1.727095,0.567845,0.057364,0.148674,2.140464,2.483574,0.214276,0.299028,0.660643,-0.715573,0.180009,1.364033,0.451886,0.005401,0.027494,5.937905,0.937083,10.879566,0.000117,11911.0
931,548.779,1504623628,1504625428,2017-09-05 15:00:28,0,8.676502,8.016299,2.107992,0.621753,0.036149,0.091265,3.767119,4.088935,0.377698,0.1175,0.519309,-3.521041,0.092114,1.560237,3.657393,0.004213,0.02478,4.672935,0.61,16.368191,0.000116,13531.6
932,549.383,1504625428,1504627228,2017-09-05 15:30:28,0,18.037642,17.263792,2.542355,0.539655,0.05767,0.113554,5.395253,6.068395,0.543382,0.231944,0.813083,-1.797019,0.249117,1.516693,4.658198,0.005004,0.025092,4.499114,0.638889,16.631626,0.000115,12907.2
933,549.986,1504627228,1504629028,2017-09-05 16:00:28,0,11.199036,10.597291,1.806236,0.581762,0.05859,0.138839,3.943054,4.810179,0.395959,0.219861,0.667232,-1.7373,0.187778,2.298858,1.795075,0.005838,0.037107,6.300606,0.830556,14.163898,0.000114,12954.5
934,550.625,1504629028,1504630828,2017-09-05 16:30:28,0,11.88315,11.217198,2.008319,0.637183,0.063919,0.149715,4.727371,5.324838,0.471631,0.162083,0.408345,-1.574921,-0.026738,2.396751,-1.206239,0.004871,0.02306,6.391591,0.734167,14.358978,0.000113,12145.7
935,551.265,1504630828,1504632628,2017-09-05 17:00:28,0,12.603237,11.921143,1.995618,0.632689,0.092454,0.164073,4.353943,5.212595,0.433127,0.305278,0.740659,-0.550362,0.315293,1.605514,-3.249602,0.006926,0.029925,6.13128,0.787917,12.850057,0.000112,12232.7
936,551.958,1504632628,1504634428,2017-09-05 17:30:28,0,22.704729,22.039631,2.00987,0.655194,0.058653,0.145791,6.365058,6.873596,0.631038,0.290417,0.677733,-1.837713,0.20476,3.648852,-4.750093,0.00383,0.028282,6.355576,0.682778,20.945148,0.000111,11114.7
937,552.611,1504634428,1504636228,2017-09-05 18:00:28,0,6.045793,5.423092,1.784699,0.617062,0.083208,0.170212,2.489224,3.009509,0.248802,0.233333,0.558787,-0.291822,-0.011175,0.387629,0.006097,0.005109,0.026005,5.90616,0.882222,11.099104,0.00011,11857.3
938,553.284,1504636228,1504638028,2017-09-05 18:30:28,0,15.783585,15.125015,2.066904,0.603761,0.05042,0.105144,4.345849,5.014398,0.43188,0.331667,0.636296,-0.556651,0.147477,3.161345,-3.174652,0.00596,0.036232,4.612406,0.741111,17.049192,0.000109,11764.9
939,553.957,1504638028,1504639828,2017-09-05 19:00:28,0,6.700822,6.079294,1.8391,0.614047,0.066602,0.148426,3.395091,3.839194,0.338595,0.211944,0.548798,-1.671242,-0.488175,1.452033,-2.590499,0.005864,0.026283,5.933033,0.739722,16.86945,0.000109,11509.0
940,554.614,1504639828,1504641628,2017-09-05 19:30:28,0,9.327784,8.76017,1.688911,0.654645,0.047442,0.093619,3.183042,3.606153,0.317303,0.357361,0.685708,-0.996388,0.190851,2.248961,-1.490484,0.004835,0.030015,4.798169,0.813472,16.317703,0.000108,11837.5
941,555.168,1504641628,1504643428,2017-09-05 20:00:28,0,13.095124,12.432775,2.058065,0.627748,0.053289,0.108483,3.834864,4.276886,0.385336,0.335278,0.655742,-1.19326,0.112851,0.147383,2.459652,0.004841,0.026816,4.679691,0.751944,17.637131,0.000107,14142.0
942,555.733,1504643428,1504645228,2017-09-05 20:30:28,0,4.643696,4.097913,1.618325,0.579806,0.048161,0.126673,2.272908,2.759204,0.227216,0.448056,0.623883,-0.16606,0.268252,1.071532,-0.172543,0.004156,0.029647,5.66844,0.936806,10.23082,0.000106,13860.0
943,556.289,1504645228,1504647028,2017-09-05 21:00:28,0,3.560663,3.024219,1.627111,0.52632,0.048732,0.107396,2.162923,2.617088,0.216087,0.324028,0.827446,-2.429348,0.331746,2.21863,-0.455815,0.003964,0.020393,5.499493,0.945,6.476502,0.000106,14066.7
944,556.848,1504647028,1504648828,2017-09-05 21:30:28,0,7.271852,6.672391,1.836221,0.517955,0.06212,0.127195,2.826575,3.198434,0.283539,0.379167,0.595472,-1.444857,0.07843,1.187215,2.416355,0.00458,0.027228,5.350557,0.84625,13.004596,0.000105,13992.0
945,557.394,1504648828,1504650628,2017-09-05 22:00:28,0,6.240001,5.649464,1.738451,0.68136,0.051054,0.11544,2.624513,3.2096,0.262218,0.212083,0.349328,-2.1467,-0.239227,-0.535594,-0.486099,0.004782,0.02458,5.305378,0.844444,12.573387,0.000105,14382.0
946,557.947,1504650628,1504652428,2017-09-05 22:30:28,0,5.458688,4.86546,1.74705,0.559094,0.070676,0.150976,2.767055,3.225845,0.276103,0.168056,0.628122,-2.174021,0.183547,1.941811,-1.762418,0.006144,0.027931,5.769011,0.946944,15.04029,0.000104,14157.1
947,558.519,1504652428,1504654228,2017-09-05 23:00:28,0,4.607892,4.049292,1.610957,0.511859,0.084743,0.141177,2.002374,2.446229,0.19987,0.389444,0.803243,-0.591066,0.270623,2.178305,-0.655413,0.004751,0.028314,5.323117,0.954306,9.108673,0.000104,13696.8
948,559.103,1504654228,1504656028,2017-09-05 23:30:28,0,13.03672,12.441868,1.80474,0.58994,0.052883,0.117237,3.931169,4.851488,0.395509,0.261667,0.819593,-0.896626,0.301297,2.369608,3.352623,0.003314,0.024171,5.646814,0.807222,16.042377,0.000103,13336.7
949,559.644,1504656028,1504657828,2017-09-06 00:00:28,0,6.193389,5.639579,1.696477,0.429111,0.05654,0.157004,2.943913,3.499984,0.295398,0.506806,0.906949,0.200249,0.346155,3.442233,1.353901,0.004098,0.024234,6.866316,0.947917,15.173313,0.000103,14507.0
950,560.184,1504657828,1504659628,2017-09-06 00:30:28,0,11.111262,10.385002,2.247962,0.671356,0.060283,0.136986,3.853587,4.668988,0.384146,0.151389,0.719495,-1.116412,0.092441,2.456203,-3.077095,0.003821,0.02614,6.320876,0.727083,9.598694,0.000102,14504.5
951,560.725,1504659628,1504661428,2017-09-06 01:00:28,0,8.826032,8.122346,2.069087,0.477814,0.110446,0.242366,3.614207,4.236579,0.359922,0.328056,0.804037,-0.681903,0.595262,3.694496,-3.039515,0.008896,0.03192,7.770466,0.907083,12.857871,0.000102,14510.7
952,561.286,1504661428,1504663228,2017-09-06 01:30:28,0,5.169637,4.593693,1.672729,0.63278,0.060461,0.132836,2.398337,2.850056,0.239343,0.306389,0.664875,-0.395108,-0.085791,1.417657,-1.294556,0.005491,0.026749,5.537914,0.903333,12.504521,0.000101,13944.7
953,561.855,1504663228,1504665028,2017-09-06 02:00:28,0,4.114051,3.531735,1.741962,0.459849,0.077293,0.157361,2.027882,2.545395,0.202951,0.403056,0.899979,0.12499,0.608382,2.728599,0.774984,0.004574,0.026482,5.329234,0.893333,7.91964,0.000101,13797.9
954,562.462,1504665028,1504666828,2017-09-06 02:30:28,0,6.640492,5.982915,1.909783,0.736061,0.062247,0.161866,2.936177,3.464754,0.293585,0.258194,0.624047,-1.574737,-0.838706,1.256101,-0.441918,0.00433,0.02709,6.551109,0.761389,12.451964,0.000101,12806.2
955,563.145,1504666828,1504668628,2017-09-06 03:00:28,0,6.405315,5.765607,1.846606,0.593532,0.093883,0.163484,3.374784,3.951738,0.338048,0.123194,0.565692,-4.294307,0.016409,1.364488,1.19536,0.007236,0.035411,5.759232,0.821944,11.870604,0.000101,11293.2
956,563.863,1504668628,1504670428,2017-09-06 03:30:28,0,3.824063,3.219465,1.764422,0.593205,0.071516,0.158007,2.063326,2.370177,0.20623,0.220139,0.626839,-2.007781,-1.009249,1.339076,-0.656674,0.00476,0.030402,6.021269,0.954861,11.766041,0.0001,10916.2
957,564.438,1504670428,1504672228,2017-09-06 04:00:28,0,3.605025,3.08286,1.535088,0.614425,0.045022,0.096081,1.598467,2.05208,0.159837,0.484306,0.707638,-0.486321,0.161849,1.078447,-0.443031,0.003605,0.030936,5.094773,0.972083,5.351608,0.0001,13606.9
958,565.055,1504672228,1504674028,2017-09-06 04:30:28,0,7.262953,6.698706,1.721444,0.571291,0.045486,0.104506,3.05594,3.352888,0.306408,0.299583,0.665454,-4.581071,0.26856,1.197269,1.520125,0.003867,0.021601,5.177693,0.840278,15.136898,0.0001,12569.4
959,565.667,1504674028,1504675828,2017-09-06 05:00:28,0,5.90029,5.352188,1.65051,0.534535,0.049305,0.128558,2.360115,3.080535,0.236607,0.388611,0.740944,-1.234438,0.120947,1.389625,0.296076,0.003684,0.028204,5.55981,0.939861,9.773912,0.0001,12854.1
960,566.237,1504675828,1504677628,2017-09-06 05:30:28,0,8.558743,7.976125,1.717813,0.631028,0.057073,0.121324,3.167981,3.90516,0.315517,0.360972,0.675519,-0.912024,0.120022,2.120312,-2.799241,0.005392,0.025278,5.387943,0.817917,14.43645,0.0001,13713.5
961,566.808,1504677628,1504679428,2017-09-06 06:00:28,0,15.186552,14.504936,2.048235,0.687888,0.058093,0.157592,4.195075,4.839362,0.422119,0.251944,0.616969,-1.139058,-0.0933,-1.084038,3.212241,0.004806,0.027078,5.840854,0.862083,21.871469,0.002,13640.3
962,567.415,1504679428,1504681228,2017-09-06 06:30:28,0,5.778853,5.182044,1.760848,0.580992,0.06485,0.152693,2.933641,3.444726,0.293097,0.242778,0.495841,-2.890367,-0.042682,0.443036,-1.809493,0.005892,0.030173,6.072091,0.863194,17.325811,0.002,12800.7
963,567.986,1504681228,1504683028,2017-09-06 07:00:28,0,4.094402,3.534265,1.668404,0.459749,0.071166,0.156869,1.858659,2.38162,0.185656,0.432639,0.867818,-0.415527,0.497107,2.426774,-0.75284,0.004867,0.033333,5.778689,0.945833,9.272429,0.002,13703.8
964,568.569,1504683028,1504684828,2017-09-06 07:30:28,0,13.060798,12.384134,2.118262,0.602232,0.050645,0.131879,5.065027,5.404107,0.50485,0.047222,0.565404,-4.32184,0.075826,3.566515,-3.391132,0.003535,0.025654,5.544046,0.485694,17.773802,0.002,13379.2
965,569.174,1504684828,1504686628,2017-09-06 08:00:28,0,4.088156,3.527722,1.679667,0.476924,0.062131,0.158502,1.791015,2.237532,0.179201,0.44125,0.812845,0.059446,0.505475,1.448593,0.284427,0.005496,0.033172,4.822893,0.879167,9.557461,0.002,12924.8
966,569.843,1504686628,1504688428,2017-09-06 08:30:28,0,10.860571,10.10542,2.547786,0.572625,0.028587,0.075793,4.240322,4.808636,0.422654,0.166944,0.753265,-6.207028,0.335056,2.755966,-2.460493,0.004021,0.027273,3.976885,0.577222,12.347834,0.002,11608.7
967,570.473,1504688428,1504690228,2017-09-06 09:00:28,0,6.52427,5.960063,1.731358,0.50523,0.050195,0.127325,2.970113,3.585878,0.296633,0.355694,0.736787,-0.792404,0.166759,2.875807,-1.423688,0.005105,0.032631,4.364653,0.763333,12.515855,0.002,12386.6
968,571.066,1504690228,1504692028,2017-09-06 09:30:28,0,17.61027,16.606766,3.257726,0.878794,0.052569,0.128557,5.446499,6.158363,0.547434,0.2475,0.407735,-0.843946,-0.254073,-2.442341,4.024228,0.005249,0.026518,4.160974,0.658472,18.72344,0.002,13216.0
969,571.624,1504692028,1504693828,2017-09-06 10:00:28,0,16.74288,16.020739,2.296664,0.544432,0.05717,0.160042,5.593623,6.240332,0.563094,0.244028,0.744531,-2.050434,0.218506,6.095315,5.247736,0.00367,0.027617,5.274512,0.744306,27.108143,0.002,14077.4
970,572.244,1504693828,1504695628,2017-09-06 10:30:28,0,12.064281,11.379108,2.137112,0.61484,0.052587,0.135581,4.139387,4.725288,0.412374,0.185972,0.754772,-1.982363,-0.181341,2.949206,-3.03138,0.00313,0.024902,3.990276,0.692222,23.997881,0.002,12629.3
971,572.811,1504695628,1504697428,2017-09-06 11:00:28,0,8.196199,7.580537,1.781994,0.647667,0.064146,0.172627,3.74179,4.363107,0.374113,0.130556,0.398967,-2.484178,-0.299019,1.507037,0.961968,0.004476,0.036925,4.731667,0.727917,10.135365,0.002,13853.0
972,573.391,1504697428,1504699228,2017-09-06 11:30:28,0,7.658152,7.091067,1.82383,0.505834,0.031703,0.08115,3.335218,3.865803,0.332718,0.279167,0.77017,-1.087569,0.14399,2.958568,-2.595385,0.002985,0.029856,3.477083,0.587639,12.339164,0.001999,13465.5
973,573.952,1504699228,1504701028,2017-09-06 12:00:28,0,7.382542,6.732208,1.934912,0.624882,0.066747,0.164124,3.340762,3.77704,0.334396,0.130972,0.427484,-1.688135,-0.160893,0.611779,1.567622,0.003348,0.026759,4.045218,0.67625,10.663088,0.001999,13971.5
974,574.513,1504701028,1504702828,2017-09-06 12:30:28,0,7.641824,7.07831,1.643783,0.682562,0.045782,0.113572,2.912429,3.338716,0.292105,0.271944,0.667383,-0.508793,0.138182,2.270667,2.319994,0.004111,0.025813,3.67827,0.767222,13.96208,0.001999,13982.8
975,575.136,1504702828,1504704628,2017-09-06 13:00:28,0,11.424483,10.758061,2.030941,0.725254,0.047275,0.107665,3.764433,4.494409,0.378081,0.171111,0.408723,-2.312662,-0.280209,-1.439509,2.256597,0.003642,0.026584,3.694023,0.749583,10.590359,0.001999,12489.6
976,575.86,1504704628,1504706428,2017-09-06 13:30:28,0,6.264489,5.706677,1.663735,0.488126,0.061807,0.157876,3.32659,3.889585,0.332807,0.227917,0.639866,-1.215087,0.23717,1.970364,0.137748,0.004421,0.036698,4.442318,0.7275,11.427254,0.001999,10620.6
977,576.468,1504706428,1504708228,2017-09-06 14:00:28,0,7.282508,6.646734,1.918423,0.588871,0.064001,0.147187,3.199688,3.546963,0.31956,0.169306,0.707003,-3.220521,-0.219983,3.36917,-0.660948,0.003799,0.028157,4.050911,0.66625,7.288066,0.001999,12834.3
978,577.064,1504708228,1504710028,2017-09-06 14:30:28,0,5.539686,4.976279,1.587716,0.671244,0.061888,0.14329,2.599051,2.944768,0.260486,0.309306,0.576968,-1.881718,-0.236572,0.303347,1.775694,0.004973,0.033973,3.931142,0.821806,11.913103,0.001999,13168.9
979,577.627,1504710028,1504711828,2017-09-06 15:00:28,0,9.171041,8.398842,2.23681,0.737754,0.110524,0.180095,3.125991,4.178188,0.313071,0.213333,0.415093,-2.786516,-0.325702,-0.097133,1.561173,0.007121,0.037162,3.815809,0.75375,11.523443,0.001999,13909.6
980,578.201,1504711828,1504713628,2017-09-06 15:30:28,0,17.863436,16.965712,2.730866,0.621945,0.122382,0.241428,6.630176,7.391139,0.664868,0.036528,0.598323,-6.379251,0.058484,5.257935,3.170795,0.009478,0.048902,5.086278,0.517917,20.78401,0.001998,13649.0
981,578.802,1504713628,1504715428,2017-09-06 16:00:28,0,12.212995,11.421994,2.456265,0.50407,0.093441,0.226295,5.386787,6.002089,0.539682,0.110972,0.78626,-3.528346,0.271969,4.091415,2.277482,0.0082,0.051013,4.807674,0.424722,36.328026,0.001998,13071.3
982,579.373,1504715428,1504717228,2017-09-06 16:30:28,0,8.323998,7.695728,1.893746,0.519182,0.068933,0.177985,2.99222,3.600931,0.299901,0.255833,0.634672,0.106879,0.176402,1.997462,1.146419,0.007818,0.041389,4.344818,0.853333,15.094803,0.001998,13738.0
983,579.946,1504717228,1504719028,2017-09-06 17:00:28,0,3.438849,2.918015,1.520622,0.561482,0.048957,0.135409,1.833111,2.08744,0.183265,0.280972,0.601679,-0.113311,0.279933,1.166252,0.23554,0.005398,0.041432,3.959336,0.916667,13.598198,0.001998,13675.2
984,580.512,1504719028,1504720828,2017-09-06 17:30:28,0,2.50168,2.041383,1.355859,0.561756,0.03231,0.088418,1.828365,2.036759,0.182979,0.313472,0.680256,-0.058832,0.169549,0.816069,1.186439,0.00278,0.024489,3.53518,0.874722,9.728197,0.001998,13831.6
985,581.127,1504720828,1504722628,2017-09-06 18:00:28,0,2.227493,1.776645,1.31551,0.597521,0.027938,0.0779,1.578556,1.847158,0.158021,0.363889,0.599887,-0.486138,-0.051557,0.300131,1.305778,0.002703,0.019115,3.446053,0.932778,7.736087,0.001997,12662.0
986,581.705,1504722628,1504724428,2017-09-06 18:30:28,0,3.150606,2.708574,1.353065,0.552547,0.018292,0.049543,1.923255,2.198315,0.192595,0.332361,0.684904,-1.726261,0.19774,0.816636,1.659193,0.002504,0.02022,3.259431,0.812639,8.403063,0.001997,13501.6
987,582.266,1504724428,1504726228,2017-09-06 19:00:28,0,3.479586,3.000348,1.414989,0.629848,0.027166,0.073571,1.867636,2.144437,0.186767,0.222361,0.719221,-2.383903,0.152871,1.241637,0.335701,0.002602,0.018402,3.375788,0.854583,9.030328,0.001997,13953.9
988,582.832,1504726228,1504728028,2017-09-06 19:30:28,0,3.231735,2.763601,1.369105,0.627475,0.027718,0.075526,1.586498,1.871143,0.158449,0.554028,0.635598,-1.138273,0.276564,1.022933,-0.846924,0.003757,0.030599,3.450825,0.909306,10.315487,0.001997,13834.8
989,583.408,1504728028,1504729828,2017-09-06 20:00:28,0,7.079383,6.472514,1.936421,0.668039,0.019287,0.054932,2.236744,2.819555,0.223007,0.418889,0.54668,-0.539131,-0.126874,-0.036353,-1.386456,0.001802,0.019794,2.999475,0.789861,10.18292,0.001996,13540.4
990,583.989,1504729828,1504731628,2017-09-06 20:30:28,0,10.555617,9.930737,2.054332,0.616258,0.016692,0.044214,3.855101,4.056905,0.384181,0.273194,0.361111,-5.228992,-0.029221,1.339656,-3.192735,0.00165,0.023315,3.369176,0.589444,14.249153,0.001996,13434.1
991,584.562,1504731628,1504733428,2017-09-06 21:00:28,0,4.383988,3.8951,1.468091,0.659227,0.019959,0.055023,1.882326,2.127735,0.187918,0.580972,0.48281,-0.407719,-0.062019,0.102157,-0.851384,0.001647,0.017994,3.13356,0.815694,9.984994,0.001996,13652.5
992,585.142,1504733428,1504735228,2017-09-06 21:30:28,0,2.624,2.215088,1.220644,0.509067,0.023592,0.066179,1.197797,1.377305,0.119621,0.677917,0.775137,-0.526152,0.314935,1.456539,-0.891042,0.00174,0.022182,2.925454,0.900972,11.296468,0.001996,13412.8
993,585.704,1504735228,1504737028,2017-09-06 22:00:28,0,2.97365,2.503414,1.302098,0.783078,0.023349,0.066201,1.347463,1.458581,0.134601,0.587917,0.609366,-2.067357,-0.865778,0.349895,-0.682193,0.00104,0.012427,2.855383,0.872083,12.171769,0.001995,13924.2
994,586.276,1504737028,1504738828,2017-09-06 22:30:28,0,2.192524,1.738325,1.2795,0.680929,0.027635,0.078013,1.251012,1.407758,0.124985,0.545,0.550439,-3.664037,-0.716383,0.436354,-0.710988,0.001759,0.024551,2.92885,0.820556,11.028681,0.001995,13658.5
995,586.866,1504738828,1504740628,2017-09-06 23:00:28,0,2.095945,1.672616,1.257742,0.59246,0.017226,0.048446,1.326715,1.663387,0.132519,0.57625,0.758444,-0.861816,-0.336052,0.666385,-0.802599,0.00126,0.016407,3.100569,0.862361,8.993943,0.001995,13256.2
996,587.496,1504740628,1504742428,2017-09-06 23:30:28,0,3.025016,2.584825,1.330345,0.594224,0.016176,0.043829,1.158155,1.762992,0.115614,0.714167,0.661793,-0.868033,-0.573209,0.036437,-0.434604,0.002303,0.0234,3.233236,0.946944,6.087875,0.001995,12448.7
997,588.059,1504742428,1504744228,2017-09-07 00:00:28,0,10.160843,9.586756,1.803019,0.707759,0.015557,0.039171,2.908802,3.68173,0.291269,0.373611,0.467438,-3.00337,-0.900538,-0.89777,-0.653585,0.001322,0.015894,3.534042,0.786944,7.709579,0.001994,13878.2
998,588.665,1504744228,1504746028,2017-09-07 00:30:28,0,8.013051,7.44395,1.67055,0.568121,0.060156,0.150762,3.438364,3.685081,0.343881,0.218333,0.435773,-3.868893,-0.045584,1.029889,-0.503034,0.006226,0.034621,4.202806,0.705,23.058008,0.001994,12798.0
999,589.211,1504746028,1504747828,2017-09-07 01:00:28,0,22.932831,21.943291,3.364669,0.605365,0.051251,0.134082,5.872071,6.697544,0.592851,0.311806,0.441303,-2.421685,0.148276,-3.838517,5.745586,0.005656,0.039627,3.909279,0.652778,26.240234,0.001994,14320.4
1000,589.767,1504747828,1504749628,2017-09-07 01:30:28,0,23.508259,22.156487,4.770648,0.590461,0.063172,0.163189,6.791729,8.266532,0.684944,0.343056,0.525119,-1.462093,-0.205038,2.665342,5.828616,0.003216,0.030097,4.353433,0.639167,19.36586,0.001993,14049.4
1001,590.309,1504749628,1504751428,2017-09-07 02:00:28,0,17.241282,16.415216,2.319785,0.705226,0.13225,0.30493,5.120477,6.301335,0.513328,0.316667,0.503705,-1.219767,0.039282,0.900843,0.712215,0.005864,0.037599,5.775355,0.732917,45.920372,0.001993,14450.0
1002,590.88,1504751428,1504753228,2017-09-07 02:30:28,0,4.313365,3.768956,1.563835,0.420722,0.0827,0.203611,2.164882,2.825349,0.216446,0.415694,0.672559,-0.990594,0.23075,2.473047,0.311999,0.006652,0.03584,4.49899,0.918333,4.862455,0.001992,13694.5
1003,591.431,1504753228,1504755028,2017-09-07 03:00:28,0,11.378448,10.663541,2.172364,0.767931,0.059992,0.103158,4.025242,4.669606,0.403475,0.2425,0.43433,-1.642428,-0.223833,-0.62056,2.134249,0.006393,0.028634,3.854031,0.679167,14.096471,0.001992,14219.4
1004,591.99,1504755028,1504756828,2017-09-07 03:30:28,0,13.468529,12.667606,2.389463,0.876207,0.072158,0.144157,5.008744,5.846069,0.502795,0.209167,0.431174,-1.498066,-0.341545,0.23188,3.431041,0.007055,0.040274,3.990538,0.483611,12.085337,0.001992,13988.9
1005,592.534,1504756828,1504758628,2017-09-07 04:00:28,0,5.053957,4.467,1.674911,0.556725,0.082892,0.17493,2.414517,3.173139,0.241491,0.296806,0.634824,-0.396192,0.299872,1.990933,0.381392,0.008132,0.045786,4.741629,0.871667,11.793952,0.001991,14448.9
1006,593.11,1504758628,1504760428,2017-09-07 04:30:28,0,12.157862,11.473502,2.143356,0.516792,0.071858,0.139439,4.193519,4.83049,0.417716,0.264722,0.722559,-0.802648,0.273595,4.271844,-3.283408,0.005877,0.039526,4.373876,0.685139,16.82621,0.001991,13563.6
1007,593.672,1504760428,1504762228,2017-09-07 05:00:28,0,3.296721,2.769593,1.521082,0.459606,0.068914,0.182837,2.072345,2.630283,0.207201,0.401528,0.732178,0.007137,0.430733,2.68907,-0.145271,0.005825,0.040824,4.259976,0.880417,7.634332,0.001991,13928.2
1008,594.25,1504762228,1504764028,2017-09-07 05:30:28,0,4.382539,3.884225,1.490657,0.604381,0.030093,0.084685,1.873989,2.320677,0.187693,0.455417,0.521327,-0.753555,0.011946,-0.062998,1.140732,0.0013,0.01582,2.897737,0.800278,6.199675,0.00199,13482.6
1009,594.849,1504764028,1504765828,2017-09-07 06:00:28,0,4.097654,3.619107,1.494954,0.554924,0.019842,0.048322,2.299997,2.752475,0.230374,0.296111,0.359969,-5.135015,-0.274514,-0.248933,1.765008,0.002246,0.016989,3.103939,0.649722,4.003088,0.00199,12961.6
1010,595.41,1504765828,1504767628,2017-09-07 06:30:28,0,5.949456,5.393887,1.688964,0.71384,0.025938,0.053444,2.688622,3.087999,0.268703,0.175278,0.635469,-1.960124,-0.139511,1.235427,-0.634837,0.002916,0.029154,3.443712,0.654306,7.064556,0.001989,13931.3
1011,595.96,1504767628,1504769428,2017-09-07 07:00:28,0,10.867513,10.21686,1.941331,0.696949,0.05949,0.125417,3.727013,4.107207,0.37397,0.192361,0.679624,-4.526017,0.068654,0.954262,2.261069,0.005669,0.032191,3.63372,0.631806,15.801267,0.001989,14344.8
1012,596.507,1504769428,1504771228,2017-09-07 07:30:28,0,6.134418,5.595341,1.559239,0.602937,0.061482,0.109687,2.687481,3.137377,0.268465,0.409306,0.612299,-0.857856,-0.057333,1.034034,-1.156801,0.005989,0.029808,4.030045,0.752639,10.383895,0.001988,14312.5
1013,597.071,1504771228,1504773028,2017-09-07 08:00:28,0,7.197543,6.637799,1.567577,0.856488,0.036109,0.088558,3.417215,3.66638,0.342755,0.198056,0.189746,-3.985993,-0.740507,-1.167731,2.655776,0.003282,0.028196,3.52959,0.669583,12.477778,0.001988,14003.1
1014,597.622,1504773028,1504774828,2017-09-07 08:30:28,0,9.393908,8.79317,1.848864,0.651249,0.040536,0.082557,3.366706,3.996865,0.335803,0.1875,0.57759,-2.667075,0.000784,0.712585,-2.1162,0.004363,0.024428,4.04582,0.640694,13.445716,0.001987,14150.2
1015,598.189,1504774828,1504776628,2017-09-07 09:00:28,0,2.481438,2.017303,1.304956,0.507151,0.057948,0.135278,1.504658,1.865035,0.150457,0.360972,0.521914,-0.051961,0.22424,1.121118,0.379658,0.007461,0.038478,3.518607,0.968611,8.996891,0.001987,13842.3
1016,598.808,1504776628,1504778428,2017-09-07 09:30:28,0,7.140265,6.619386,1.595771,0.631348,0.026852,0.055616,2.298951,2.554356,0.229197,0.526111,0.688913,-1.559963,0.221334,1.357663,-1.854426,0.003938,0.02655,2.949768,0.797639,12.870059,0.001987,13032.9
1017,599.36,1504778428,1504780228,2017-09-07 10:00:28,0,5.571774,5.048459,1.557532,0.637726,0.042406,0.064144,2.763815,3.062747,0.27616,0.161806,0.634994,-5.509313,0.027731,1.129165,-0.094407,0.004986,0.017381,3.058188,0.661389,9.377357,0.001986,14184.6
1018,599.905,1504780228,1504782028,2017-09-07 10:30:28,0,5.062189,4.570688,1.516119,0.595392,0.021997,0.049819,2.398744,2.741583,0.240164,0.225139,0.81217,-2.128087,0.131743,1.802255,1.697296,0.003088,0.022904,2.93841,0.693889,7.002568,0.001986,14379.3
1019,600.552,1504782028,1504783828,2017-09-07 11:00:28,0,6.843619,6.290921,1.668305,0.59237,0.045963,0.095944,2.601877,2.923515,0.259552,0.328611,0.638109,-2.116857,0.107149,1.240712,-0.936978,0.006796,0.036937,3.643661,0.815556,10.082623,0.001985,11948.7
1020,601.155,1504783828,1504785628,2017-09-07 11:30:28,0,4.046358,3.547469,1.402647,0.731212,0.037985,0.078776,1.879225,2.353383,0.188153,0.440139,0.672611,-0.746493,-0.210615,0.462718,0.274843,0.005012,0.030986,3.398971,0.88875,7.638033,0.001984,12896.6
1021,601.705,1504785628,1504787428,2017-09-07 12:00:28,0,4.069172,3.585021,1.451034,0.555051,0.03794,0.076853,1.88083,2.117213,0.187866,0.383611,0.686573,-0.886891,0.026332,1.117062,-0.823628,0.005097,0.036204,3.098353,0.79625,5.855194,0.001984,14245.1
1022,602.265,1504787428,1504789228,2017-09-07 12:30:28,0,8.392805,7.813087,1.833916,0.546638,0.039676,0.077186,2.975019,3.485277,0.296545,0.34,0.633922,-2.852051,0.166386,2.16435,-1.786089,0.005229,0.030627,2.977237,0.670417,9.286489,0.001983,13959.9
1023,602.821,1504789228,1504791028,2017-09-07 13:00:28,0,5.095006,4.58462,1.5365,0.470533,0.050735,0.126199,2.34532,2.81789,0.234065,0.381944,0.683698,-0.032431,0.306841,2.910465,-1.484145,0.004339,0.026639,3.268361,0.801806,15.630368,0.001983,14087.1
1024,603.385,1504791028,1504792828,2017-09-07 13:30:28,0,6.633632,6.032915,1.775497,0.771705,0.038607,0.089614,3.031019,3.361542,0.303259,0.112361,0.382976,-6.173464,-0.04059,0.506867,1.12959,0.003668,0.031475,2.917702,0.573472,9.354632,0.001982,13848.8
1025,604.06,1504792828,1504794628,2017-09-07 14:00:28,0,7.759953,7.174399,1.761315,0.665988,0.0451,0.091338,3.422558,3.788831,0.342471,0.126528,0.717603,-3.376003,0.13723,1.87315,0.89743,0.005585,0.041467,3.307395,0.566944,13.042732,0.001982,11459.9
1026,604.627,1504794628,1504796428,2017-09-07 14:30:28,0,12.18249,11.501517,1.969213,0.723301,0.079976,0.160953,3.813186,4.194001,0.383127,0.406944,0.706821,-1.023357,0.225832,2.059848,3.379724,0.007387,0.046243,4.501363,0.672361,13.561161,0.001981,13764.2
1027,605.211,1504796428,1504798228,2017-09-07 15:00:28,0,11.734636,10.929299,2.543738,0.68978,0.064177,0.137143,4.042387,4.46812,0.405856,0.2925,0.474919,-2.975199,0.032216,-1.268835,3.247848,0.007555,0.042932,4.278653,0.72125,19.107088,0.001981,13346.2
1028,605.801,1504798228,1504800028,2017-09-07 15:30:28,0,7.890773,7.318072,1.687816,0.474669,0.078125,0.163359,2.868749,3.709936,0.286169,0.394028,0.787445,-0.137626,0.391065,3.201449,-1.21096,0.008849,0.043976,4.987084,0.87625,14.581378,0.00198,13297.7
1029,606.364,1504800028,1504801828,2017-09-07 16:00:28,0,7.259665,6.728221,1.570575,0.444805,0.063575,0.169675,2.844261,3.459685,0.284908,0.384167,0.778881,-0.058491,0.309764,2.18106,0.434767,0.006384,0.03863,4.409012,0.884028,9.655701,0.001979,13856.5
1030,606.929,1504801828,1504803628,2017-09-07 16:30:28,0,7.186073,6.685431,1.41237,0.705435,0.038391,0.093499,2.563126,3.033606,0.256352,0.431667,0.487512,-0.48194,-0.151327,-0.379226,-0.466946,0.004482,0.028719,3.900352,0.888611,12.633088,0.001979,13812.5
1031,607.532,1504803628,1504805428,2017-09-07 17:00:28,0,7.506158,6.990028,1.54467,0.575941,0.041492,0.093378,2.362259,2.873858,0.236775,0.526667,0.806653,-0.360859,0.242199,2.01095,0.583908,0.004465,0.028582,3.688438,0.809722,6.240413,0.001978,12872.6
1032,608.108,1504805428,1504807228,2017-09-07 17:30:28,0,6.154912,5.652239,1.425951,0.61989,0.052494,0.108523,2.638911,3.066207,0.264673,0.381111,0.570792,-0.835347,-0.066658,0.050537,2.026493,0.004504,0.027417,3.879579,0.799583,12.707559,0.001978,13537.2
1033,608.675,1504807228,1504809028,2017-09-07 18:00:28,0,2.732695,2.301414,1.260674,0.546453,0.033689,0.069658,1.543231,1.821449,0.154473,0.481528,0.537776,-1.174776,0.144582,0.289968,0.99981,0.003153,0.025442,3.565018,0.893333,4.557906,0.001977,13725.2
1034,609.243,1504809028,1504810828,2017-09-07 18:30:28,0,4.50853,4.05405,1.329425,0.603463,0.028416,0.072776,2.080986,2.504969,0.208429,0.284306,0.543874,-0.717074,-0.366048,0.068819,1.020251,0.002245,0.020976,3.499449,0.79125,11.72284,0.001976,13743.8
1035,609.819,1504810828,1504812628,2017-09-07 19:00:28,0,15.295972,13.768497,5.517061,0.782105,0.028667,0.068471,5.111816,6.178051,0.510708,0.102361,0.38775,-2.283697,0.03594,-0.636922,-1.599871,0.002899,0.027563,3.494612,0.426806,10.030736,0.001976,13490.1
1036,610.376,1504812628,1504814428,2017-09-07 19:30:28,0,15.54944,14.835158,2.242987,0.479415,0.073804,0.186705,6.237488,6.761913,0.625756,0.231111,0.70144,-1.272917,0.055279,5.548897,3.257121,0.006769,0.049784,5.655047,0.554583,17.669561,0.001975,14078.7
1037,610.934,1504814428,1504816228,2017-09-07 20:00:28,0,12.17247,11.348296,2.487695,0.831415,0.071194,0.174113,4.938727,5.458859,0.494969,0.074722,0.388581,-2.645063,-0.64603,0.039775,-0.146002,0.006286,0.040734,4.856998,0.4625,22.252167,0.001974,14039.5
1038,611.475,1504816228,1504818028,2017-09-07 20:30:28,0,18.230894,17.17359,3.604785,0.691979,0.052383,0.104416,6.382355,6.892854,0.641742,0.096528,0.47176,-3.599383,-0.041207,2.185034,5.935363,0.006108,0.04183,3.714495,0.404306,14.454038,0.001974,14513.9
1039,612.022,1504818028,1504819828,2017-09-07 21:00:28,0,7.046071,6.448999,1.840155,0.572481,0.048381,0.110661,2.945848,3.496555,0.294991,0.215417,0.701355,-1.034121,0.214021,1.894016,0.40823,0.004747,0.039083,3.475231,0.600278,12.211592,0.001973,14360.2
1040,612.566,1504819828,1504821628,2017-09-07 21:30:28,0,4.473501,3.955958,1.504935,0.700946,0.034687,0.076776,1.919735,2.455305,0.191768,0.334167,0.516749,-0.417276,-0.040032,0.265826,-0.711776,0.002877,0.031161,3.897352,0.827361,5.356481,0.001972,14421.3
1041,613.12,1504821628,1504823428,2017-09-07 22:00:28,0,10.684809,9.856953,2.769659,0.627808,0.037575,0.093622,3.8932,4.5829,0.388078,0.133611,0.543917,-2.546989,0.216864,0.365744,-3.411738,0.003768,0.034348,4.128438,0.607222,12.409799,0.001972,14106.3
1042,613.664,1504823428,1504825228,2017-09-07 22:30:28,0,11.389845,10.738585,2.058841,0.506443,0.057206,0.131292,4.040052,4.672832,0.40306,0.1925,0.865087,-0.973363,0.373577,4.340179,-1.213696,0.006214,0.037932,4.806491,0.606528,13.974669,0.001971,14437.1
1043,614.224,1504825228,1504827028,2017-09-07 23:00:28,0,8.834099,8.210408,1.789301,0.658392,0.078785,0.151679,3.369009,3.821381,0.335892,0.363611,0.605713,-1.135485,0.055768,-0.309047,-2.10045,0.005578,0.040257,5.177585,0.792778,15.374593,0.00197,13951.5
1044,614.796,1504827028,1504828828,2017-09-07 23:30:28,0,2.853531,2.374198,1.421211,0.581219,0.033691,0.083163,1.455343,1.933072,0.145487,0.46625,0.680432,-0.277406,0.151487,1.08619,-0.235994,0.0034,0.029909,4.411238,0.904028,6.594658,0.001969,13657.0
1045,615.365,1504828828,1504830628,2017-09-08 00:00:28,0,9.281484,8.763336,1.583229,0.617128,0.030574,0.057133,2.877196,3.863059,0.288644,0.26375,0.547727,-0.572686,0.130808,1.584073,0.612919,0.002757,0.025884,3.752127,0.782778,9.722997,0.001969,13699.1
1046,615.923,1504830628,1504832428,2017-09-08 00:30:28,0,10.979949,10.437744,1.640234,0.496357,0.051818,0.133014,3.925952,4.584132,0.394368,0.284583,0.807953,-0.536598,0.324007,4.787125,2.241494,0.00339,0.029918,4.438438,0.681389,16.63682,0.001968,14024.6
1047,616.508,1504832428,1504834228,2017-09-08 01:00:28,0,2.518446,2.056745,1.36288,0.604926,0.029162,0.063727,1.51775,1.832376,0.151754,0.3875,0.678901,-0.40859,-0.012423,0.65559,-0.335717,0.002521,0.022283,3.688966,0.932361,4.556173,0.001967,13271.0
1048,617.112,1504834228,1504836028,2017-09-08 01:30:28,0,4.951603,4.444809,1.522432,0.693038,0.021165,0.047655,2.097678,2.621743,0.209504,0.360694,0.452425,-0.482079,-0.104773,-0.611266,-0.798354,0.001457,0.020008,3.57127,0.811667,5.579634,0.001966,12923.3
1049,617.735,1504836028,1504837828,2017-09-08 02:00:28,0,6.498473,5.968032,1.626054,0.576936,0.034454,0.083572,2.572605,2.964214,0.256624,0.310972,0.745022,-0.791899,0.084649,1.374708,-2.100236,0.004609,0.032099,4.217614,0.729583,8.635545,0.001966,12503.2
1050,618.348,1504837828,1504839628,2017-09-08 02:30:28,0,4.946418,4.433018,1.507374,0.660899,0.034449,0.083766,2.224163,2.443084,0.222791,0.296806,0.720247,-1.615618,0.280633,0.939993,1.387499,0.004259,0.027823,3.868491,0.881528,9.852215,0.001965,12670.6
1051,618.941,1504839628,1504841428,2017-09-08 03:00:28,0,8.441495,7.786139,2.016521,0.799345,0.029681,0.067581,3.484959,4.014836,0.348415,0.184444,0.424784,-3.507518,-0.599693,0.163409,-0.167451,0.003618,0.026577,3.800839,0.527083,10.730381,0.001964,13171.2
1052,619.558,1504841428,1504843228,2017-09-08 03:30:28,0,8.099397,7.434736,2.025042,0.653452,0.060318,0.120953,3.479809,3.880265,0.347885,0.119306,0.532937,-1.763913,0.090237,0.615768,-0.713852,0.00649,0.044039,4.146068,0.664861,10.450501,0.001963,13147.8
1053,620.131,1504843228,1504845028,2017-09-08 04:00:28,0,6.847307,6.286937,1.648376,0.714721,0.036685,0.09528,2.67372,3.016471,0.266772,0.294722,0.458246,-1.762201,0.0548,-0.181939,-1.715979,0.004742,0.027713,4.065371,0.752639,13.660591,0.001962,13674.9
1054,620.702,1504845028,1504846828,2017-09-08 04:30:28,0,7.026498,6.432817,1.823599,0.707182,0.029477,0.070092,3.074735,3.450228,0.307993,0.126806,0.542475,-2.387325,-0.086373,0.924322,2.657915,0.005056,0.037336,3.521726,0.569583,9.476027,0.001962,13816.7
1055,621.266,1504846828,1504848628,2017-09-08 05:00:28,0,3.674502,3.197848,1.47408,0.471231,0.034819,0.082793,2.020346,2.396096,0.202201,0.369722,0.738921,-1.490852,0.036895,1.295768,0.513666,0.006295,0.033256,3.595462,0.850139,7.657447,0.001961,13880.5
1056,621.832,1504848628,1504850428,2017-09-08 05:30:28,0,6.549232,5.983739,1.762989,0.627563,0.029548,0.06441,2.664913,3.093197,0.267082,0.279444,0.535827,-1.073176,0.040611,0.779827,2.445098,0.003611,0.028887,3.404149,0.681944,8.729389,0.00196,13804.1
1057,622.406,1504850428,1504852228,2017-09-08 06:00:28,0,6.585252,6.022285,1.803297,0.544082,0.028223,0.067982,2.846687,3.338472,0.285038,0.288472,0.720347,-0.485182,0.286879,2.158491,1.192681,0.005607,0.031741,3.590913,0.736528,8.753522,0.001959,13644.5
1058,622.992,1504852228,1504854028,2017-09-08 06:30:28,0,5.899156,5.318929,1.749045,0.577531,0.052268,0.124875,2.763346,3.243698,0.276173,0.2875,0.686998,-1.623821,0.13843,2.224396,-0.434064,0.007187,0.036832,4.121244,0.688472,9.075142,0.001958,13452.7
1059,623.599,1504854028,1504855828,2017-09-08 07:00:28,0,4.4275,3.942664,1.477854,0.509407,0.034884,0.090155,2.081617,2.446781,0.208081,0.306389,0.614081,-0.56142,0.20678,1.446432,-0.461963,0.005043,0.034587,3.580132,0.855694,4.81308,0.001957,12844.8
1060,624.183,1504855828,1504857628,2017-09-08 07:30:28,0,2.657323,2.1957,1.390402,0.472002,0.039535,0.097503,1.554556,1.900281,0.155511,0.389306,0.840787,-0.899325,0.490138,1.633474,0.298366,0.006771,0.044764,3.440591,0.936667,5.099576,0.001957,13445.0
1061,624.762,1504857628,1504859428,2017-09-08 08:00:28,0,4.730628,4.232491,1.576361,0.525695,0.022993,0.05699,2.113805,2.679652,0.211132,0.335417,0.661037,-0.550848,0.30231,0.63539,-0.543036,0.004888,0.030709,3.120497,0.81375,4.963737,0.001956,13601.9
1062,625.341,1504859428,1504861228,2017-09-08 08:30:28,0,9.023906,8.39795,1.896732,0.722104,0.038975,0.100361,3.718819,4.201397,0.371096,0.221806,0.54329,-2.129647,0.026322,1.146799,-1.797794,0.005723,0.031436,3.565318,0.604028,11.700827,0.001955,13561.5
1063,625.907,1504861228,1504863028,2017-09-08 09:00:28,0,7.766657,7.125165,1.931169,0.77726,0.037661,0.097571,3.3825,3.707167,0.337762,0.143194,0.470576,-2.050554,0.08882,0.919583,-2.086743,0.006287,0.036287,3.268861,0.479583,10.636183,0.001954,13878.8
1064,626.48,1504863028,1504864828,2017-09-08 09:30:28,0,12.25224,11.154363,3.939517,0.470836,0.036561,0.102182,3.908022,4.266742,0.389,0.327361,0.673562,-2.94719,0.174013,2.973512,-2.922927,0.005221,0.039135,3.089899,0.710278,12.457925,0.001953,13754.7
1065,627.064,1504864828,1504866628,2017-09-08 10:00:28,0,10.447006,9.699826,2.447035,0.764448,0.018056,0.0496,4.228014,4.773342,0.422263,0.16625,0.314681,-2.934531,-0.152234,-1.941675,-1.064114,0.002501,0.018872,2.988691,0.465278,10.015535,0.001952,13433.1
1066,627.646,1504866628,1504868428,2017-09-08 10:30:28,0,5.611508,5.046555,1.769171,0.540913,0.037129,0.096236,2.737994,3.205546,0.27374,0.389861,0.700132,-0.043519,0.020935,2.194601,-0.418066,0.004665,0.040057,3.059073,0.630417,5.481549,0.001951,13544.1
1067,628.285,1504868428,1504870228,2017-09-08 11:00:28,0,2.557683,2.11562,1.284327,0.477108,0.043468,0.116673,1.678879,2.012047,0.167997,0.346389,0.822712,-2.188841,0.484433,2.079584,0.742571,0.007424,0.035668,3.024728,0.866806,8.948744,0.00195,12080.1
1068,628.835,1504870228,1504872028,2017-09-08 11:30:28,0,1.76504,1.341693,1.216072,0.631019,0.021725,0.058207,1.288895,1.5077,0.128861,0.4425,0.557864,-2.411129,-0.511164,0.450273,-0.058514,0.003369,0.024507,3.007779,0.955139,4.465487,0.001949,14318.1
1069,629.391,1504872028,1504873828,2017-09-08 12:00:28,0,6.866765,6.278902,1.917027,0.595754,0.016705,0.046098,2.863132,3.187537,0.286455,0.200139,0.707861,-5.03309,0.0067,2.634513,0.536384,0.002378,0.02297,3.233005,0.580833,8.813436,0.001948,14178.5
1070,629.961,1504873828,1504875628,2017-09-08 12:30:28,0,6.318237,5.753572,1.714218,0.663857,0.032899,0.083962,2.521476,2.965305,0.251858,0.417083,0.624684,-0.387723,0.176987,0.617786,-0.759403,0.005213,0.033537,3.439415,0.737083,7.533036,0.001947,13824.2
1071,630.616,1504875628,1504877428,2017-09-08 13:00:28,0,13.914486,13.134097,2.51086,0.677744,0.046144,0.116628,4.153094,4.850559,0.417926,0.269167,0.531754,-1.34434,0.086121,1.261922,3.357445,0.006153,0.044434,3.26282,0.71125,13.726706,0.001946,11868.0
1072,631.205,1504877428,1504879228,2017-09-08 13:30:28,0,54.402294,51.273312,12.027896,0.553196,0.035514,0.088587,12.022969,12.560699,1.228773,0.363611,0.721817,-4.618494,0.229699,9.867915,11.536824,0.004989,0.033784,3.61806,0.700972,51.09082,0.001945,13295.4
1073,631.775,1504879228,1504881028,2017-09-08 14:00:28,0,56.030083,52.249489,14.468136,0.683827,0.053478,0.144509,13.089933,14.12447,1.337793,0.190278,0.630418,-4.243712,0.133168,-6.369225,11.050442,0.003501,0.033048,3.411193,0.427778,64.038055,0.001944,13731.7
1074,632.366,1504881028,1504882828,2017-09-08 14:30:28,0,30.079939,28.659359,5.091916,0.510988,0.062463,0.167374,6.38887,8.040457,0.637543,0.333611,0.855378,-1.38944,0.289769,4.103234,-1.864075,0.002524,0.022112,3.408518,0.740278,22.07299,0.001943,13158.4
1075,632.942,1504882828,1504884628,2017-09-08 15:00:28,0,21.755175,20.934456,2.542511,0.929915,0.040169,0.107509,6.056031,6.843876,0.609923,0.23625,0.24233,-2.268889,-0.190006,-2.886424,3.459209,0.001616,0.013609,3.942028,0.641667,11.532712,0.001942,13610.4
1076,633.998,1504884628,1504886428,2017-09-08 15:30:28,0,25.291014,24.568491,2.440292,0.465215,0.03853,0.097744,6.438362,7.191713,0.638212,0.352778,0.872436,-1.357324,0.218603,5.490538,-2.809095,0.002967,0.032136,4.105985,0.669167,15.45281,0.001941,7132.0
1077,634.734,1504886428,1504888228,2017-09-08 16:00:28,0,21.070347,20.422279,2.076788,0.584581,0.037198,0.094324,6.024588,6.965345,0.59788,0.201667,0.671415,-1.54949,0.027049,5.598865,-3.223691,0.001721,0.018533,4.278662,0.510972,14.027081,0.00194,10737.0
1078,635.358,1504888228,1504890028,2017-09-08 16:30:28,0,11.445393,10.806969,2.052147,0.558199,0.040973,0.085367,3.609965,4.457585,0.362401,0.208472,0.823372,-1.332876,0.299636,2.331985,1.656484,0.002253,0.018527,3.915207,0.754028,7.492177,0.001939,12785.8
1079,636.13,1504890028,1504891828,2017-09-08 17:00:28,0,8.969237,8.359407,1.874717,0.621082,0.044166,0.107442,3.43717,4.516722,0.344819,0.247639,0.491669,-1.928371,-0.125519,1.326961,2.326007,0.002709,0.027155,4.164359,0.681389,12.452156,0.001938,10069.1
1080,637.139,1504891828,1504893628,2017-09-08 17:30:28,0,10.511477,9.927417,1.884717,0.52022,0.0325,0.076738,3.718412,4.197128,0.37307,0.246667,0.652185,-2.310719,0.208513,1.619379,2.389053,0.002112,0.018778,5.051295,0.751806,9.969107,0.001937,7698.4
1081,637.721,1504893628,1504895428,2017-09-08 18:00:28,0,9.018671,8.451192,1.775199,0.611613,0.029392,0.071512,3.539153,4.171076,0.353068,0.286528,0.643324,-0.245802,0.064056,0.183103,-1.024233,0.001753,0.014985,4.864622,0.772361,12.485631,0.001936,13424.9
1082,638.58,1504895428,1504897228,2017-09-08 18:30:28,0,11.013977,10.164685,2.873515,0.623616,0.032879,0.088217,4.11944,4.667609,0.41275,0.263194,0.760301,-2.702959,0.134473,2.157174,1.573481,0.001338,0.021301,6.631068,0.631111,8.191948,0.001935,8957.0
1083,639.576,1504897228,1504899028,2017-09-08 19:00:28,0,4.760129,4.246829,1.588641,0.507523,0.035689,0.092994,2.464932,2.969868,0.24637,0.373056,0.516245,0.064642,0.107259,0.748922,-0.252885,0.002965,0.024751,4.455714,0.880833,8.124491,0.001934,9786.9
1084,640.224,1504899028,1504900828,2017-09-08 19:30:28,0,8.233154,7.607761,2.074771,0.566328,0.020281,0.047915,3.304004,3.960179,0.331033,0.286944,0.629046,-0.779306,0.035897,1.00528,1.162303,0.001118,0.015674,6.063674,0.773889,9.023668,0.001933,12111.4
1085,640.81,1504900828,1504902628,2017-09-08 20:00:28,0,17.374317,16.685915,2.209311,0.55902,0.04684,0.120584,5.6432,6.364381,0.566738,0.208611,0.70838,-1.900867,0.19537,5.649131,1.711186,0.002084,0.02177,6.31884,0.6675,16.921087,0.001932,13342.4
1086,641.409,1504902628,1504904428,2017-09-08 20:30:28,0,5.334214,4.746787,1.771315,0.608331,0.050867,0.114145,2.293526,2.665134,0.229418,0.258333,0.660451,-1.680791,0.067653,1.172198,0.588645,0.001771,0.020142,7.697953,0.854028,6.12597,0.001931,13250.5
1087,641.974,1504904428,1504906228,2017-09-08 21:00:28,0,12.160792,11.510423,2.061423,0.512002,0.056057,0.122894,4.245266,4.739483,0.425685,0.273472,0.690622,-0.195179,0.177104,2.480251,1.07639,0.003703,0.030816,8.216217,0.7125,9.018806,0.00193,13811.6
1088,642.523,1504906228,1504908028,2017-09-08 21:30:28,0,8.972721,8.39942,1.803795,0.430554,0.051943,0.13302,3.902965,4.319503,0.389253,0.319583,0.635121,0.096085,0.280682,0.212516,-1.666135,0.00422,0.021619,7.668055,0.942639,15.513137,0.001929,14258.4
1089,643.093,1504908028,1504909828,2017-09-08 22:00:28,0,13.892299,13.195564,2.220125,0.609146,0.047515,0.109113,5.336356,5.711839,0.530414,0.210139,0.600662,-4.322765,0.227307,-1.583915,-4.283114,0.002767,0.020388,8.026714,0.693333,12.678199,0.001928,13707.0
1090,643.767,1504909828,1504911628,2017-09-08 22:30:28,0,8.547794,7.90688,1.970635,0.634213,0.050263,0.114827,3.732089,4.580631,0.371997,0.237917,0.484373,-1.550752,0.044976,-0.741886,-1.938989,0.004144,0.0267,6.872369,0.692083,9.277537,0.001927,11647.0
1091,644.326,1504911628,1504913428,2017-09-08 23:00:28,0,17.710232,16.81361,2.647045,1.087283,0.070561,0.147155,6.761827,7.245287,0.671754,0.063333,0.190777,-14.079291,-0.792231,-4.323511,-6.692969,0.005078,0.034493,8.357017,0.437639,16.479958,0.001925,13985.8
1092,644.884,1504913428,1504915228,2017-09-08 23:30:28,0,7.598553,6.9655,1.78091,0.824233,0.063269,0.131148,2.703783,3.205395,0.269963,0.295833,0.532407,-1.592471,-0.456387,0.452311,-0.832454,0.004495,0.028616,5.932076,0.815278,8.039461,0.001924,14024.1
1093,645.442,1504915228,1504917028,2017-09-09 00:00:28,0,4.835001,4.264373,1.706178,0.525274,0.059234,0.148757,2.040888,2.478756,0.204004,0.426528,0.718915,-0.404078,-0.062877,1.77563,-0.381381,0.004891,0.029273,6.980531,0.899583,7.941966,0.001923,13995.5
1094,646.126,1504917028,1504918828,2017-09-09 00:30:28,0,7.802875,7.05612,2.284873,0.813518,0.048383,0.122392,3.995735,4.52318,0.398282,0.17,0.370726,-1.510247,-0.611855,-1.592892,-3.664114,0.004182,0.022601,9.027848,0.76875,12.104536,0.001922,11250.9
1095,646.732,1504918828,1504920628,2017-09-09 01:00:28,0,22.975643,21.1772,6.611485,0.527154,0.061753,0.147242,7.012239,7.607588,0.697001,0.324167,0.770554,-8.646631,0.159759,4.312442,-3.817053,0.004187,0.028024,7.604159,0.722778,14.81591,0.001921,12907.1
1096,647.332,1504920628,1504922428,2017-09-09 01:30:28,0,15.560978,14.759803,2.561258,0.486018,0.083839,0.188272,5.156153,5.85073,0.514116,0.285139,0.855422,-1.642164,0.444917,5.654757,-1.113618,0.004033,0.028124,10.410683,0.735417,22.801901,0.00192,12984.7
1097,647.912,1504922428,1504924228,2017-09-09 02:00:28,0,10.673002,9.932403,2.181899,0.80958,0.070137,0.15803,3.963493,4.335295,0.396054,0.116389,0.470201,-2.013119,-0.630719,0.662952,-1.540912,0.004335,0.028398,7.760132,0.710139,19.934721,0.001918,13531.3
1098,648.502,1504924228,1504926028,2017-09-09 02:30:28,0,9.504877,8.833541,2.075159,0.64466,0.050144,0.128806,3.495603,4.290738,0.347891,0.383194,0.5782,-0.607167,0.130265,-1.496524,-2.452563,0.002268,0.019124,12.537506,0.834444,7.207646,0.001917,13226.1
1099,649.078,1504926028,1504927828,2017-09-09 03:00:28,0,12.510613,11.768522,2.328033,0.743907,0.043124,0.113112,5.088959,5.849722,0.506263,0.264583,0.48622,-1.744748,-0.105167,-2.216989,-3.658499,0.003642,0.022752,7.092537,0.615139,11.637999,0.001916,13565.7
1100,649.649,1504927828,1504929628,2017-09-09 03:30:28,0,6.981246,6.379291,1.786856,0.775041,0.035662,0.087939,3.23415,3.673703,0.322941,0.177083,0.587041,-3.67326,-0.271778,0.386208,-2.133451,0.003362,0.019491,5.23148,0.851667,11.284198,0.001915,13713.5
1101,650.22,1504929628,1504931428,2017-09-09 04:00:28,0,7.144322,6.554597,1.798321,0.591252,0.046706,0.117168,2.63359,3.048701,0.263867,0.230833,0.723844,-0.699259,0.135825,2.559196,0.913004,0.002507,0.021187,6.720863,0.927083,12.033185,0.001914,13669.8
1102,650.802,1504931428,1504933228,2017-09-09 04:30:28,0,9.475351,8.821511,2.077522,0.642951,0.033663,0.089095,4.058479,4.531156,0.40451,0.246528,0.634226,-1.583946,-0.015007,0.515029,-2.876914,0.002333,0.014736,6.644679,0.721944,14.318881,0.001912,13427.3
1103,651.399,1504933228,1504935028,2017-09-09 05:00:28,0,10.352387,9.636308,2.364885,0.464945,0.048175,0.131064,4.6512,5.198889,0.462701,0.275833,0.759359,-2.200839,-0.043038,3.662554,-4.430501,0.001516,0.015922,8.354027,0.818611,12.749646,0.001911,13300.0
1104,651.963,1504935028,1504936828,2017-09-09 05:30:28,0,13.188435,12.421618,2.54045,0.542171,0.043702,0.120782,4.826946,5.292858,0.48002,0.322778,0.783052,-2.679145,0.153309,3.357081,-3.413555,0.001566,0.016959,6.776795,0.675556,12.133986,0.00191,13891.7
1105,652.591,1504936828,1504938628,2017-09-09 06:00:28,0,10.156076,9.428954,2.299233,0.748309,0.035962,0.092454,3.950105,4.632389,0.395665,0.104583,0.2703,-5.058931,-0.166253,-1.106249,1.531088,0.00174,0.017859,4.822971,0.59875,10.96553,0.001909,12956.0
1106,653.187,1504938628,1504940428,2017-09-09 06:30:28,0,5.345099,4.765752,1.810628,0.527425,0.041471,0.113472,2.383151,2.904963,0.238161,0.377222,0.692441,-1.205215,-0.050217,1.446123,-1.123437,0.001616,0.020106,6.447478,0.93875,14.666596,0.001908,13082.0
1107,653.753,1504940428,1504942228,2017-09-09 07:00:28,0,6.188403,5.590235,1.846268,0.661297,0.032762,0.088744,2.755685,3.418697,0.27512,0.177917,0.447762,-2.924495,0.045593,-0.277676,-0.758413,0.001923,0.021658,4.01918,0.803889,6.965333,0.001906,13829.0
1108,654.314,1504942228,1504944028,2017-09-09 07:30:28,0,9.063749,8.223281,2.704124,0.592344,0.065462,0.181543,4.75877,5.554377,0.47589,0.288472,0.62261,-2.121718,0.031712,0.747878,0.386107,0.001276,0.018416,11.166817,0.774028,11.208701,0.001905,14036.9
1109,654.907,1504944028,1504945828,2017-09-09 08:00:28,0,7.406704,6.667383,2.139398,0.695638,0.090153,0.23017,3.380642,3.912164,0.337839,0.183194,0.515718,-2.577148,-0.876452,0.765749,-0.081227,0.003379,0.022015,8.089446,0.820417,14.681829,0.001904,13309.8
1110,655.632,1504945828,1504947628,2017-09-09 08:30:28,0,7.509842,6.850497,1.952399,0.663648,0.061426,0.174213,2.450576,2.872433,0.245444,0.341667,0.682963,-1.039245,-0.119119,0.855717,1.620708,0.00189,0.024255,9.492552,0.883889,15.674602,0.001902,10664.0
1111,656.237,1504947628,1504949428,2017-09-09 09:00:28,0,7.160089,6.577876,1.751785,0.691048,0.036329,0.094066,2.813226,3.11104,0.281657,0.214028,0.523613,-3.431384,-0.347732,1.059812,1.006607,0.002157,0.02116,5.713433,0.8,16.684053,0.001901,12999.2
1112,657.009,1504949428,1504951228,2017-09-09 09:30:28,0,9.861362,9.184309,1.971376,0.845885,0.051176,0.133109,3.703584,4.070372,0.37114,0.10625,0.307821,-2.414109,-0.697708,-1.096964,2.508353,0.001308,0.014601,6.632497,0.753194,12.985806,0.0019,9894.5
1113,657.573,1504951228,1504953028,2017-09-09 10:00:28,0,3.389469,2.757826,1.918412,0.45752,0.071992,0.201086,3.127275,3.589673,0.311982,0.353472,0.832126,-0.414387,0.370889,2.938552,-1.658855,0.002373,0.021896,11.915254,0.928889,9.33274,0.001899,13862.6
1114,658.158,1504953028,1504954828,2017-09-09 10:30:28,0,7.472131,6.757872,2.096565,0.68574,0.076824,0.205815,2.852047,3.280512,0.285719,0.265972,0.576685,-1.135152,-0.32015,0.144756,1.555087,0.002769,0.022624,8.032647,0.886944,20.253336,0.001897,13355.6
1115,658.722,1504954828,1504956628,2017-09-09 11:00:28,0,7.287406,6.636304,2.002492,0.582659,0.057491,0.14293,3.121427,3.566964,0.312696,0.280417,0.590885,-2.676637,-0.003131,0.895333,1.759204,0.004418,0.025499,6.740696,0.78375,12.922953,0.001896,13874.5
1116,659.313,1504956628,1504958428,2017-09-09 11:30:28,0,5.878423,5.296454,1.757397,0.550338,0.052882,0.141699,2.506489,2.818708,0.250752,0.287083,0.746018,-3.22312,0.380016,2.120971,-0.177595,0.003301,0.029116,5.120334,0.858333,13.126307,0.001895,13209.1
1117,659.907,1504958428,1504960228,2017-09-09 12:00:28,0,4.340332,3.769011,1.638738,0.604391,0.062258,0.168119,2.091872,2.439064,0.209295,0.263611,0.70935,-2.186865,-0.251551,1.147644,0.417558,0.002636,0.020328,5.153724,0.907917,11.812387,0.001893,13362.3
1118,660.48,1504960228,1504962028,2017-09-09 12:30:28,0,7.028712,6.423028,1.795022,0.715922,0.043626,0.116823,2.925422,3.324607,0.29318,0.249028,0.314466,-1.297452,-0.547497,-1.188034,2.546989,0.002805,0.029186,4.863751,0.721806,12.425723,0.001892,13644.5
